{
    "status": {
        "code": "200",
        "text": "ok"
    },
    "data": {
        "sumario": {
            "metadatos": {
                "publicacion": "BOE",
                "fecha_publicacion": "20260107"
            },
            "diario": [
                {
                    "numero": "6",
                    "sumario_diario": {
                        "identificador": "BOE-S-2026-6",
                        "url_pdf": {
                            "szBytes": "222321",
                            "szKBytes": "217",
                            "texto": "https:\/\/www.boe.es\/boe\/dias\/2026\/01\/07\/pdfs\/BOE-S-2026-6.pdf"
                        }
                    },
                    "seccion": [
                        {
                            "codigo": "2A",
                            "nombre": "II. Autoridades y personal. - A. Nombramientos, situaciones e incidencias",
                            "departamento": [
                                {
                                    "codigo": "1820",
                                    "nombre": "CONSEJO GENERAL DEL PODER JUDICIAL",
                                    "epigrafe": [
                                        {
                                            "nombre": "Nombramientos",
                                            "item": {
                                                "identificador": "BOE-A-2026-384",
                                                "control": "2025\/20980",
                                                "titulo": "Real Decreto 1235\/2025, de 26 de diciembre, por el que se nombra Presidenta de la Audiencia Provincial de Navarra a do\u00f1a Ana Montserrat Llorca Blanco.",
                                                "url_pdf": {
                                                    "szBytes": "191526",
                                                    "szKBytes": "187",
                                                    "pagina_inicial": "2060",
                                                    "pagina_final": "2060",
                                                    "texto": "https:\/\/www.boe.es\/boe\/dias\/2026\/01\/07\/pdfs\/BOE-A-2026-384.pdf"
                                                },
                                                "url_html": "https:\/\/www.boe.es\/diario_boe\/txt.php?id=BOE-A-2026-384",
                                                "url_xml": "https:\/\/www.boe.es\/diario_boe\/xml.php?id=BOE-A-2026-384"
                                            }
                                        },
                                        {
                                            "nombre": "Situaciones",
                                            "item": [
                                                {
                                                    "identificador": "BOE-A-2026-385",
                                                    "control": "2025\/18373",
                                                    "titulo": "Acuerdo de 29 de julio de 2025, de la Comisi\u00f3n Permanente del Consejo General del Poder Judicial, por el que se declara la jubilaci\u00f3n voluntaria de la Magistrada do\u00f1a Adoraci\u00f3n Mar\u00eda Riera Oc\u00e1riz.",
                                                    "url_pdf": {
                                                        "szBytes": "191287",
                                                        "szKBytes": "187",
                                                        "pagina_inicial": "2061",
                                                        "pagina_final": "2061",
                                                        "texto": "https:\/\/www.boe.es\/boe\/dias\/2026\/01\/07\/pdfs\/BOE-A-2026-385.pdf"
                                                    },
                                                    "url_html": "https:\/\/www.boe.es\/diario_boe\/txt.php?id=BOE-A-2026-385",
                                                    "url_xml": "https:\/\/www.boe.es\/diario_boe\/xml.php?id=BOE-A-2026-385"
                                                },
                                                {
                                                    "identificador": "BOE-A-2026-386",
                                                    "control": "2025\/18374",
                                                    "titulo": "Acuerdo de 29 de julio de 2025, de la Comisi\u00f3n Permanente del Consejo General del Poder Judicial, por el que se declara la jubilaci\u00f3n voluntaria del Magistrado don Juan Mateo Ayala Garc\u00eda.",
                                                    "url_pdf": {
                                                        "szBytes": "190852",
                                                        "szKBytes": "186",
                                                        "pagina_inicial": "2062",
                                                        "pagina_final": "2062",
                                                        "texto": "https:\/\/www.boe.es\/boe\/dias\/2026\/01\/07\/pdfs\/BOE-A-2026-386.pdf"
                                                    },
                                                    "url_html": "https:\/\/www.boe.es\/diario_boe\/txt.php?id=BOE-A-2026-386",
                                                    "url_xml": "https:\/\/www.boe.es\/diario_boe\/xml.php?id=BOE-A-2026-386"
                                                },
                                                {
                                                    "identificador": "BOE-A-2026-387",
                                                    "control": "2025\/18381",
                                                    "titulo": "Acuerdo de 9 de septiembre de 2025, de la Comisi\u00f3n Permanente del Consejo General del Poder Judicial, por el que se declara la jubilaci\u00f3n voluntaria anticipada de la Magistrada do\u00f1a Adela Bard\u00f3n Mart\u00ednez.",
                                                    "url_pdf": {
                                                        "szBytes": "191121",
                                                        "szKBytes": "187",
                                                        "pagina_inicial": "2063",
                                                        "pagina_final": "2063",
                                                        "texto": "https:\/\/www.boe.es\/boe\/dias\/2026\/01\/07\/pdfs\/BOE-A-2026-387.pdf"
                                                    },
                                                    "url_html": "https:\/\/www.boe.es\/diario_boe\/txt.php?id=BOE-A-2026-387",
                                                    "url_xml": "https:\/\/www.boe.es\/diario_boe\/xml.php?id=BOE-A-2026-387"
                                                }
                                            ]
                                        }
                                    ]
                                },
                                {
                                    "codigo": "9565",
                                    "nombre": "MINISTERIO DE CIENCIA, INNOVACI\u00d3N Y UNIVERSIDADES",
                                    "epigrafe": [
                                        {
                                            "nombre": "Destinos",
                                            "item": {
                                                "identificador": "BOE-A-2026-388",
                                                "control": "2025\/20081",
                                                "titulo": "Resoluci\u00f3n de 15 de diciembre de 2025, de la Subsecretar\u00eda, por la que se resuelve la convocatoria de libre designaci\u00f3n, efectuada por Resoluci\u00f3n de 10 de octubre de 2025.",
                                                "url_pdf": {
                                                    "szBytes": "200010",
                                                    "szKBytes": "195",
                                                    "pagina_inicial": "2064",
                                                    "pagina_final": "2065",
                                                    "texto": "https:\/\/www.boe.es\/boe\/dias\/2026\/01\/07\/pdfs\/BOE-A-2026-388.pdf"
                                                },
                                                "url_html": "https:\/\/www.boe.es\/diario_boe\/txt.php?id=BOE-A-2026-388",
                                                "url_xml": "https:\/\/www.boe.es\/diario_boe\/xml.php?id=BOE-A-2026-388"
                                            }
                                        }
                                    ]
                                },
                                {
                                    "codigo": "9595",
                                    "nombre": "MINISTERIO PARA LA TRANSFORMACI\u00d3N DIGITAL Y DE LA FUNCI\u00d3N P\u00daBLICA",
                                    "epigrafe": [
                                        {
                                            "nombre": "Nombramientos",
                                            "item": {
                                                "identificador": "BOE-A-2026-389",
                                                "control": "2025\/21059",
                                                "titulo": "Resoluci\u00f3n de 24 de diciembre de 2025, de la Secretar\u00eda de Estado de Digitalizaci\u00f3n e Inteligencia Artificial, por la que se publica el Acuerdo del Consejo Rector por el que se nombra Director de la Agencia Espa\u00f1ola de Supervisi\u00f3n de Inteligencia Artificial a don Alberto Gago Fern\u00e1ndez.",
                                                "url_pdf": {
                                                    "szBytes": "191782",
                                                    "szKBytes": "187",
                                                    "pagina_inicial": "2066",
                                                    "pagina_final": "2066",
                                                    "texto": "https:\/\/www.boe.es\/boe\/dias\/2026\/01\/07\/pdfs\/BOE-A-2026-389.pdf"
                                                },
                                                "url_html": "https:\/\/www.boe.es\/diario_boe\/txt.php?id=BOE-A-2026-389",
                                                "url_xml": "https:\/\/www.boe.es\/diario_boe\/xml.php?id=BOE-A-2026-389"
                                            }
                                        }
                                    ]
                                },
                                {
                                    "codigo": "310",
                                    "nombre": "UNIVERSIDADES",
                                    "epigrafe": [
                                        {
                                            "nombre": "Nombramientos",
                                            "item": [
                                                {
                                                    "identificador": "BOE-A-2026-390",
                                                    "control": "2026\/127",
                                                    "titulo": "Resoluci\u00f3n de 29 de diciembre de 2025, de la Universidad de Oviedo, por la que se nombran Catedr\u00e1ticas de Universidad.",
                                                    "url_pdf": {
                                                        "szBytes": "191780",
                                                        "szKBytes": "187",
                                                        "pagina_inicial": "2067",
                                                        "pagina_final": "2067",
                                                        "texto": "https:\/\/www.boe.es\/boe\/dias\/2026\/01\/07\/pdfs\/BOE-A-2026-390.pdf"
                                                    },
                                                    "url_html": "https:\/\/www.boe.es\/diario_boe\/txt.php?id=BOE-A-2026-390",
                                                    "url_xml": "https:\/\/www.boe.es\/diario_boe\/xml.php?id=BOE-A-2026-390"
                                                },
                                                {
                                                    "identificador": "BOE-A-2026-391",
                                                    "control": "2026\/128",
                                                    "titulo": "Resoluci\u00f3n de 29 de diciembre de 2025, de la Universidad de Oviedo, por la que se nombran Profesoras Titulares de Universidad.",
                                                    "url_pdf": {
                                                        "szBytes": "192038",
                                                        "szKBytes": "188",
                                                        "pagina_inicial": "2068",
                                                        "pagina_final": "2068",
                                                        "texto": "https:\/\/www.boe.es\/boe\/dias\/2026\/01\/07\/pdfs\/BOE-A-2026-391.pdf"
                                                    },
                                                    "url_html": "https:\/\/www.boe.es\/diario_boe\/txt.php?id=BOE-A-2026-391",
                                                    "url_xml": "https:\/\/www.boe.es\/diario_boe\/xml.php?id=BOE-A-2026-391"
                                                }
                                            ]
                                        }
                                    ]
                                }
                            ]
                        },
                        {
                            "codigo": "2B",
                            "nombre": "II. Autoridades y personal. - B. Oposiciones y concursos",
                            "departamento": [
                                {
                                    "codigo": "1820",
                                    "nombre": "CONSEJO GENERAL DEL PODER JUDICIAL",
                                    "epigrafe": [
                                        {
                                            "nombre": "Carrera Judicial",
                                            "item": {
                                                "identificador": "BOE-A-2026-392",
                                                "control": "2025\/20896",
                                                "titulo": "Acuerdo de 17 de diciembre de 2025, del Pleno del Consejo General del Poder Judicial, por el que se convoca la provisi\u00f3n de la Presidencia de la Sala de lo Social del Tribunal Superior de Justicia de Castilla-La Mancha.",
                                                "url_pdf": {
                                                    "szBytes": "242877",
                                                    "szKBytes": "237",
                                                    "pagina_inicial": "2069",
                                                    "pagina_final": "2077",
                                                    "texto": "https:\/\/www.boe.es\/boe\/dias\/2026\/01\/07\/pdfs\/BOE-A-2026-392.pdf"
                                                },
                                                "url_html": "https:\/\/www.boe.es\/diario_boe\/txt.php?id=BOE-A-2026-392",
                                                "url_xml": "https:\/\/www.boe.es\/diario_boe\/xml.php?id=BOE-A-2026-392"
                                            }
                                        }
                                    ]
                                },
                                {
                                    "codigo": "7320",
                                    "nombre": "MINISTERIO DEL INTERIOR",
                                    "epigrafe": [
                                        {
                                            "nombre": "Cuerpo Superior de T\u00e9cnicos de Instituciones Penitenciarias",
                                            "item": {
                                                "identificador": "BOE-A-2026-393",
                                                "control": "2025\/21062",
                                                "titulo": "Resoluci\u00f3n de 26 de diciembre de 2025, de la Subsecretar\u00eda, por la que se aprueba la relaci\u00f3n provisional de personas admitidas y excluidas, y se anuncia fecha, hora y lugar de celebraci\u00f3n del primer ejercicio del proceso selectivo para ingreso, por el sistema general de acceso libre, en el Cuerpo Superior de T\u00e9cnicos de Instituciones Penitenciarias, especialidad de Juristas y Psic\u00f3logos\/as, convocado por Resoluci\u00f3n de 7 de noviembre de 2025.",
                                                "url_pdf": {
                                                    "szBytes": "390231",
                                                    "szKBytes": "381",
                                                    "pagina_inicial": "2078",
                                                    "pagina_final": "2084",
                                                    "texto": "https:\/\/www.boe.es\/boe\/dias\/2026\/01\/07\/pdfs\/BOE-A-2026-393.pdf"
                                                },
                                                "url_html": "https:\/\/www.boe.es\/diario_boe\/txt.php?id=BOE-A-2026-393",
                                                "url_xml": "https:\/\/www.boe.es\/diario_boe\/xml.php?id=BOE-A-2026-393"
                                            }
                                        }
                                    ]
                                },
                                {
                                    "codigo": "9525",
                                    "nombre": "ADMINISTRACI\u00d3N LOCAL",
                                    "epigrafe": [
                                        {
                                            "nombre": "Personal funcionario y laboral",
                                            "item": [
                                                {
                                                    "identificador": "BOE-A-2026-394",
                                                    "control": "2026\/100052",
                                                    "titulo": "Resoluci\u00f3n de 22 de diciembre de 2025, del Ayuntamiento de Valenzuela de Calatrava (Ciudad Real), que deja sin efecto la de 11 de diciembre de 2025, referente a la convocatoria para proveer una plaza.",
                                                    "url_pdf": {
                                                        "szBytes": "189785",
                                                        "szKBytes": "185",
                                                        "pagina_inicial": "2085",
                                                        "pagina_final": "2085",
                                                        "texto": "https:\/\/www.boe.es\/boe\/dias\/2026\/01\/07\/pdfs\/BOE-A-2026-394.pdf"
                                                    },
                                                    "url_html": "https:\/\/www.boe.es\/diario_boe\/txt.php?id=BOE-A-2026-394",
                                                    "url_xml": "https:\/\/www.boe.es\/diario_boe\/xml.php?id=BOE-A-2026-394"
                                                },
                                                {
                                                    "identificador": "BOE-A-2026-395",
                                                    "control": "2025\/106494",
                                                    "titulo": "Resoluci\u00f3n de 23 de diciembre de 2025, del Ayuntamiento de Madrid, referente a la convocatoria para proveer varias plazas.",
                                                    "url_pdf": {
                                                        "szBytes": "190197",
                                                        "szKBytes": "186",
                                                        "pagina_inicial": "2086",
                                                        "pagina_final": "2086",
                                                        "texto": "https:\/\/www.boe.es\/boe\/dias\/2026\/01\/07\/pdfs\/BOE-A-2026-395.pdf"
                                                    },
                                                    "url_html": "https:\/\/www.boe.es\/diario_boe\/txt.php?id=BOE-A-2026-395",
                                                    "url_xml": "https:\/\/www.boe.es\/diario_boe\/xml.php?id=BOE-A-2026-395"
                                                }
                                            ]
                                        }
                                    ]
                                },
                                {
                                    "codigo": "310",
                                    "nombre": "UNIVERSIDADES",
                                    "epigrafe": [
                                        {
                                            "nombre": "Cuerpos docentes universitarios",
                                            "item": [
                                                {
                                                    "identificador": "BOE-A-2026-396",
                                                    "control": "2025\/19994",
                                                    "titulo": "Resoluci\u00f3n de 12 de diciembre de 2025, de la Universidad Carlos III de Madrid, por la que se convoca concurso de acceso a plazas de cuerpos docentes universitarios.",
                                                    "url_pdf": {
                                                        "szBytes": "657183",
                                                        "szKBytes": "642",
                                                        "pagina_inicial": "2087",
                                                        "pagina_final": "2117",
                                                        "texto": "https:\/\/www.boe.es\/boe\/dias\/2026\/01\/07\/pdfs\/BOE-A-2026-396.pdf"
                                                    },
                                                    "url_html": "https:\/\/www.boe.es\/diario_boe\/txt.php?id=BOE-A-2026-396",
                                                    "url_xml": "https:\/\/www.boe.es\/diario_boe\/xml.php?id=BOE-A-2026-396"
                                                },
                                                {
                                                    "identificador": "BOE-A-2026-397",
                                                    "control": "2025\/20912",
                                                    "titulo": "Resoluci\u00f3n de 22 de diciembre de 2025, de la Universidad de Alicante, por la que se convoca concurso de acceso a plazas de cuerpos docentes universitarios.",
                                                    "url_pdf": {
                                                        "szBytes": "691346",
                                                        "szKBytes": "675",
                                                        "pagina_inicial": "2118",
                                                        "pagina_final": "2150",
                                                        "texto": "https:\/\/www.boe.es\/boe\/dias\/2026\/01\/07\/pdfs\/BOE-A-2026-397.pdf"
                                                    },
                                                    "url_html": "https:\/\/www.boe.es\/diario_boe\/txt.php?id=BOE-A-2026-397",
                                                    "url_xml": "https:\/\/www.boe.es\/diario_boe\/xml.php?id=BOE-A-2026-397"
                                                }
                                            ]
                                        },
                                        {
                                            "nombre": "Personal t\u00e9cnico, de gesti\u00f3n y de administraci\u00f3n y servicios",
                                            "item": {
                                                "identificador": "BOE-A-2026-398",
                                                "control": "2026\/135",
                                                "titulo": "Resoluci\u00f3n de 24 de diciembre de 2025, de la Universidad de Lleida, por la que se publica la convocatoria de proceso selectivo para ingreso, por el sistema general de acceso libre, en la Escala Auxiliar Administrativa.",
                                                "url_pdf": {
                                                    "szBytes": "190785",
                                                    "szKBytes": "186",
                                                    "pagina_inicial": "2151",
                                                    "pagina_final": "2151",
                                                    "texto": "https:\/\/www.boe.es\/boe\/dias\/2026\/01\/07\/pdfs\/BOE-A-2026-398.pdf"
                                                },
                                                "url_html": "https:\/\/www.boe.es\/diario_boe\/txt.php?id=BOE-A-2026-398",
                                                "url_xml": "https:\/\/www.boe.es\/diario_boe\/xml.php?id=BOE-A-2026-398"
                                            }
                                        }
                                    ]
                                }
                            ]
                        },
                        {
                            "codigo": "3",
                            "nombre": "III. Otras disposiciones",
                            "departamento": [
                                {
                                    "codigo": "9585",
                                    "nombre": "MINISTERIO DE LA PRESIDENCIA, JUSTICIA Y RELACIONES CON LAS CORTES",
                                    "epigrafe": [
                                        {
                                            "nombre": "Comunidad Aut\u00f3noma del Pa\u00eds Vasco. Convenio",
                                            "item": {
                                                "identificador": "BOE-A-2026-399",
                                                "control": "2025\/21068",
                                                "titulo": "Resoluci\u00f3n de 26 de diciembre de 2025, de la Subsecretar\u00eda, por la que se publica la Adenda de modificaci\u00f3n y pr\u00f3rroga del Convenio Interadministrativo entre el Ministerio de Asuntos Exteriores, Uni\u00f3n Europea y Cooperaci\u00f3n, el Ministerio de Derechos Sociales, Consumo y Agenda 2030, la Comunidad Aut\u00f3noma del Pa\u00eds Vasco, el Ayuntamiento de Bilbao y la Fundaci\u00f3n Bancaria Bilbao Bizkaia Kutxa, para la extensi\u00f3n del establecimiento de la sede del Secretariado de la Coalici\u00f3n Local 2030 en Bilbao.",
                                                "url_pdf": {
                                                    "szBytes": "219875",
                                                    "szKBytes": "215",
                                                    "pagina_inicial": "2152",
                                                    "pagina_final": "2157",
                                                    "texto": "https:\/\/www.boe.es\/boe\/dias\/2026\/01\/07\/pdfs\/BOE-A-2026-399.pdf"
                                                },
                                                "url_html": "https:\/\/www.boe.es\/diario_boe\/txt.php?id=BOE-A-2026-399",
                                                "url_xml": "https:\/\/www.boe.es\/diario_boe\/xml.php?id=BOE-A-2026-399"
                                            }
                                        },
                                        {
                                            "nombre": "Comunidad de Castilla y Le\u00f3n. Convenio",
                                            "item": {
                                                "identificador": "BOE-A-2026-400",
                                                "control": "2026\/11",
                                                "titulo": "Resoluci\u00f3n de 26 de diciembre de 2025, de la Subsecretar\u00eda, por la que se publica la Adenda de pr\u00f3rroga y cuarta de modificaci\u00f3n al Convenio entre la Mutualidad General de Funcionarios Civiles del Estado, O.A., el Instituto Social de las Fuerzas Armadas, O.A., la Mutualidad General Judicial, O.A., y la Gerencia Regional de Salud de Castilla y Le\u00f3n, para la prestaci\u00f3n en zonas rurales de determinados servicios sanitarios a los mutualistas y dem\u00e1s beneficiarios adscritos a entidades de seguro de asistencia sanitaria concertada con dichas mutualidades.",
                                                "url_pdf": {
                                                    "szBytes": "1645231",
                                                    "szKBytes": "1607",
                                                    "pagina_inicial": "2158",
                                                    "pagina_final": "2220",
                                                    "texto": "https:\/\/www.boe.es\/boe\/dias\/2026\/01\/07\/pdfs\/BOE-A-2026-400.pdf"
                                                },
                                                "url_html": "https:\/\/www.boe.es\/diario_boe\/txt.php?id=BOE-A-2026-400",
                                                "url_xml": "https:\/\/www.boe.es\/diario_boe\/xml.php?id=BOE-A-2026-400"
                                            }
                                        },
                                        {
                                            "nombre": "Convenios",
                                            "item": [
                                                {
                                                    "identificador": "BOE-A-2026-401",
                                                    "control": "2025\/21011",
                                                    "titulo": "Resoluci\u00f3n de 26 de diciembre de 2025, de la Subsecretar\u00eda, por la que se publica el Convenio entre la Agencia Estatal de Administraci\u00f3n Digital y el Instituto de la Cinematograf\u00eda y de las Artes Audiovisuales, O.A., para la prestaci\u00f3n de la soluci\u00f3n de nube h\u00edbrida NubeSARA, financiado en parte por la Uni\u00f3n Europea, en el marco del Plan de Recuperaci\u00f3n, Transformaci\u00f3n y Resiliencia-Fondo de Recuperaci\u00f3n Next Generation EU.",
                                                    "url_pdf": {
                                                        "szBytes": "330522",
                                                        "szKBytes": "323",
                                                        "pagina_inicial": "2221",
                                                        "pagina_final": "2235",
                                                        "texto": "https:\/\/www.boe.es\/boe\/dias\/2026\/01\/07\/pdfs\/BOE-A-2026-401.pdf"
                                                    },
                                                    "url_html": "https:\/\/www.boe.es\/diario_boe\/txt.php?id=BOE-A-2026-401",
                                                    "url_xml": "https:\/\/www.boe.es\/diario_boe\/xml.php?id=BOE-A-2026-401"
                                                },
                                                {
                                                    "identificador": "BOE-A-2026-402",
                                                    "control": "2025\/21018",
                                                    "titulo": "Resoluci\u00f3n de 26 de diciembre de 2025, de la Subsecretar\u00eda, por la que se publica el Convenio entre la Mutualidad General de Funcionarios del Estado y la Intervenci\u00f3n General de la Administraci\u00f3n del Estado, para la adhesi\u00f3n a los Sistemas Departamentales de la Intervenci\u00f3n General de la Administraci\u00f3n del Estado.",
                                                    "url_pdf": {
                                                        "szBytes": "298275",
                                                        "szKBytes": "291",
                                                        "pagina_inicial": "2236",
                                                        "pagina_final": "2246",
                                                        "texto": "https:\/\/www.boe.es\/boe\/dias\/2026\/01\/07\/pdfs\/BOE-A-2026-402.pdf"
                                                    },
                                                    "url_html": "https:\/\/www.boe.es\/diario_boe\/txt.php?id=BOE-A-2026-402",
                                                    "url_xml": "https:\/\/www.boe.es\/diario_boe\/xml.php?id=BOE-A-2026-402"
                                                },
                                                {
                                                    "identificador": "BOE-A-2026-403",
                                                    "control": "2026\/17",
                                                    "titulo": "Resoluci\u00f3n de 26 de diciembre de 2025, de la Subsecretar\u00eda, por la que se publica el Convenio entre el Consejo de Transparencia y Buen Gobierno, A.A.I., y la Intervenci\u00f3n General de la Administraci\u00f3n del Estado, para la adhesi\u00f3n a los sistemas departamentales de la Intervenci\u00f3n General de la Administraci\u00f3n del Estado.",
                                                    "url_pdf": {
                                                        "szBytes": "288823",
                                                        "szKBytes": "282",
                                                        "pagina_inicial": "2247",
                                                        "pagina_final": "2257",
                                                        "texto": "https:\/\/www.boe.es\/boe\/dias\/2026\/01\/07\/pdfs\/BOE-A-2026-403.pdf"
                                                    },
                                                    "url_html": "https:\/\/www.boe.es\/diario_boe\/txt.php?id=BOE-A-2026-403",
                                                    "url_xml": "https:\/\/www.boe.es\/diario_boe\/xml.php?id=BOE-A-2026-403"
                                                },
                                                {
                                                    "identificador": "BOE-A-2026-404",
                                                    "control": "2026\/29",
                                                    "titulo": "Resoluci\u00f3n de 26 de diciembre de 2025, de la Subsecretar\u00eda, por la que se publica la Adenda de pr\u00f3rroga al Convenio entre el Instituto Social de la Marina y el Servicio P\u00fablico de Empleo Estatal, O.A., para establecer el intercambio de informaci\u00f3n a efectos del reintegro en v\u00eda ejecutiva de las prestaciones por desempleo indebidamente percibidas o por responsabilidad empresarial.",
                                                    "url_pdf": {
                                                        "szBytes": "203478",
                                                        "szKBytes": "199",
                                                        "pagina_inicial": "2258",
                                                        "pagina_final": "2260",
                                                        "texto": "https:\/\/www.boe.es\/boe\/dias\/2026\/01\/07\/pdfs\/BOE-A-2026-404.pdf"
                                                    },
                                                    "url_html": "https:\/\/www.boe.es\/diario_boe\/txt.php?id=BOE-A-2026-404",
                                                    "url_xml": "https:\/\/www.boe.es\/diario_boe\/xml.php?id=BOE-A-2026-404"
                                                }
                                            ]
                                        }
                                    ]
                                },
                                {
                                    "codigo": "6110",
                                    "nombre": "MINISTERIO DE DEFENSA",
                                    "epigrafe": [
                                        {
                                            "nombre": "Convenios",
                                            "item": {
                                                "identificador": "BOE-A-2026-405",
                                                "control": "2025\/21023",
                                                "titulo": "Resoluci\u00f3n 420\/38553\/2025, de 26 de diciembre, de la Secretar\u00eda General T\u00e9cnica, por la que se publica el Convenio con la Mancomunidad Reserva del Saja, para el desarrollo de un plan de actuaci\u00f3n en formaci\u00f3n ecuestre en las instalaciones del Centro Militar de Cr\u00eda Caballar de Mazcuerras.",
                                                "url_pdf": {
                                                    "szBytes": "225272",
                                                    "szKBytes": "220",
                                                    "pagina_inicial": "2261",
                                                    "pagina_final": "2266",
                                                    "texto": "https:\/\/www.boe.es\/boe\/dias\/2026\/01\/07\/pdfs\/BOE-A-2026-405.pdf"
                                                },
                                                "url_html": "https:\/\/www.boe.es\/diario_boe\/txt.php?id=BOE-A-2026-405",
                                                "url_xml": "https:\/\/www.boe.es\/diario_boe\/xml.php?id=BOE-A-2026-405"
                                            }
                                        }
                                    ]
                                },
                                {
                                    "codigo": "9590",
                                    "nombre": "MINISTERIO DE EDUCACI\u00d3N, FORMACI\u00d3N PROFESIONAL Y DEPORTES",
                                    "epigrafe": [
                                        {
                                            "nombre": "Convenios",
                                            "item": [
                                                {
                                                    "identificador": "BOE-A-2026-406",
                                                    "control": "2026\/44",
                                                    "titulo": "Resoluci\u00f3n de 29 de diciembre de 2025, de la Secretar\u00eda General T\u00e9cnica, por la que se publica el Convenio con Hospitales Pascual, para el desarrollo de estancias formativas del Centro P\u00fablico Integrado de Formaci\u00f3n Profesional Reina Victoria Eugenia de Melilla.",
                                                    "url_pdf": {
                                                        "szBytes": "247880",
                                                        "szKBytes": "242",
                                                        "pagina_inicial": "2267",
                                                        "pagina_final": "2275",
                                                        "texto": "https:\/\/www.boe.es\/boe\/dias\/2026\/01\/07\/pdfs\/BOE-A-2026-406.pdf"
                                                    },
                                                    "url_html": "https:\/\/www.boe.es\/diario_boe\/txt.php?id=BOE-A-2026-406",
                                                    "url_xml": "https:\/\/www.boe.es\/diario_boe\/xml.php?id=BOE-A-2026-406"
                                                },
                                                {
                                                    "identificador": "BOE-A-2026-407",
                                                    "control": "2026\/47",
                                                    "titulo": "Resoluci\u00f3n de 29 de diciembre de 2025, de la Secretar\u00eda General T\u00e9cnica, por la que se publica el Convenio con Maanan la Estrella, SLU, para el desarrollo de estancias formativas del Centro Integrado de Formaci\u00f3n Profesional Reina Victoria Eugenia de Melilla.",
                                                    "url_pdf": {
                                                        "szBytes": "249827",
                                                        "szKBytes": "244",
                                                        "pagina_inicial": "2276",
                                                        "pagina_final": "2284",
                                                        "texto": "https:\/\/www.boe.es\/boe\/dias\/2026\/01\/07\/pdfs\/BOE-A-2026-407.pdf"
                                                    },
                                                    "url_html": "https:\/\/www.boe.es\/diario_boe\/txt.php?id=BOE-A-2026-407",
                                                    "url_xml": "https:\/\/www.boe.es\/diario_boe\/xml.php?id=BOE-A-2026-407"
                                                },
                                                {
                                                    "identificador": "BOE-A-2026-408",
                                                    "control": "2026\/49",
                                                    "titulo": "Resoluci\u00f3n de 29 de diciembre de 2025, de la Secretar\u00eda General T\u00e9cnica, por la que se publica el Convenio con Nipon Melilla, SA, para el desarrollo de estancias formativas del Centro P\u00fablico Integrado de Formaci\u00f3n Profesional Reina Victoria Eugenia de Melilla.",
                                                    "url_pdf": {
                                                        "szBytes": "248678",
                                                        "szKBytes": "243",
                                                        "pagina_inicial": "2285",
                                                        "pagina_final": "2293",
                                                        "texto": "https:\/\/www.boe.es\/boe\/dias\/2026\/01\/07\/pdfs\/BOE-A-2026-408.pdf"
                                                    },
                                                    "url_html": "https:\/\/www.boe.es\/diario_boe\/txt.php?id=BOE-A-2026-408",
                                                    "url_xml": "https:\/\/www.boe.es\/diario_boe\/xml.php?id=BOE-A-2026-408"
                                                },
                                                {
                                                    "identificador": "BOE-A-2026-409",
                                                    "control": "2026\/50",
                                                    "titulo": "Resoluci\u00f3n de 29 de diciembre de 2025, de la Secretar\u00eda General T\u00e9cnica, por la que se publica el Convenio con Servinel, SA, para el desarrollo de estancias formativas del Centro Integrado de Formaci\u00f3n Profesional Reina Victoria Eugenia de Melilla.",
                                                    "url_pdf": {
                                                        "szBytes": "247730",
                                                        "szKBytes": "242",
                                                        "pagina_inicial": "2294",
                                                        "pagina_final": "2302",
                                                        "texto": "https:\/\/www.boe.es\/boe\/dias\/2026\/01\/07\/pdfs\/BOE-A-2026-409.pdf"
                                                    },
                                                    "url_html": "https:\/\/www.boe.es\/diario_boe\/txt.php?id=BOE-A-2026-409",
                                                    "url_xml": "https:\/\/www.boe.es\/diario_boe\/xml.php?id=BOE-A-2026-409"
                                                },
                                                {
                                                    "identificador": "BOE-A-2026-410",
                                                    "control": "2026\/51",
                                                    "titulo": "Resoluci\u00f3n de 29 de diciembre de 2025, de la Secretar\u00eda General T\u00e9cnica, por la que se publica el Convenio con Sogorb e Hijos, SL, para el desarrollo de estancias formativas del Centro Integrado de Formaci\u00f3n Profesional Reina Victoria Eugenia de Melilla.",
                                                    "url_pdf": {
                                                        "szBytes": "247565",
                                                        "szKBytes": "242",
                                                        "pagina_inicial": "2303",
                                                        "pagina_final": "2311",
                                                        "texto": "https:\/\/www.boe.es\/boe\/dias\/2026\/01\/07\/pdfs\/BOE-A-2026-410.pdf"
                                                    },
                                                    "url_html": "https:\/\/www.boe.es\/diario_boe\/txt.php?id=BOE-A-2026-410",
                                                    "url_xml": "https:\/\/www.boe.es\/diario_boe\/xml.php?id=BOE-A-2026-410"
                                                },
                                                {
                                                    "identificador": "BOE-A-2026-411",
                                                    "control": "2026\/52",
                                                    "titulo": "Resoluci\u00f3n de 29 de diciembre de 2025, de la Secretar\u00eda General T\u00e9cnica, por la que se publica el Convenio con Transeron, SL, para el desarrollo de estancias formativas del Centro Integrado de Formaci\u00f3n Profesional Reina Victoria Eugenia de Melilla.",
                                                    "url_pdf": {
                                                        "szBytes": "247398",
                                                        "szKBytes": "242",
                                                        "pagina_inicial": "2312",
                                                        "pagina_final": "2320",
                                                        "texto": "https:\/\/www.boe.es\/boe\/dias\/2026\/01\/07\/pdfs\/BOE-A-2026-411.pdf"
                                                    },
                                                    "url_html": "https:\/\/www.boe.es\/diario_boe\/txt.php?id=BOE-A-2026-411",
                                                    "url_xml": "https:\/\/www.boe.es\/diario_boe\/xml.php?id=BOE-A-2026-411"
                                                },
                                                {
                                                    "identificador": "BOE-A-2026-412",
                                                    "control": "2026\/54",
                                                    "titulo": "Resoluci\u00f3n de 30 de diciembre de 2025, de la Secretar\u00eda General T\u00e9cnica, por la que se publica el Convenio con Hafsa Heredia. Sal\u00f3n de U\u00f1as y Academia, para el desarrollo de estancias formativas del Instituto de Educaci\u00f3n Secundaria Luis de Camoens de Ceuta.",
                                                    "url_pdf": {
                                                        "szBytes": "249499",
                                                        "szKBytes": "244",
                                                        "pagina_inicial": "2321",
                                                        "pagina_final": "2329",
                                                        "texto": "https:\/\/www.boe.es\/boe\/dias\/2026\/01\/07\/pdfs\/BOE-A-2026-412.pdf"
                                                    },
                                                    "url_html": "https:\/\/www.boe.es\/diario_boe\/txt.php?id=BOE-A-2026-412",
                                                    "url_xml": "https:\/\/www.boe.es\/diario_boe\/xml.php?id=BOE-A-2026-412"
                                                },
                                                {
                                                    "identificador": "BOE-A-2026-413",
                                                    "control": "2026\/56",
                                                    "titulo": "Resoluci\u00f3n de 30 de diciembre de 2025, de la Secretar\u00eda General T\u00e9cnica, por la que se publica el Convenio con Ambulancias Tenorio e Hijos, SL, y Asistencia Sanitaria Malague\u00f1a, SL, UTE Ley 18\/82 UTE Transporte Sanitario Terrestre Ceuta, para el desarrollo de estancias formativas del Instituto de Educaci\u00f3n Secundaria Almina de Ceuta.",
                                                    "url_pdf": {
                                                        "szBytes": "252512",
                                                        "szKBytes": "247",
                                                        "pagina_inicial": "2330",
                                                        "pagina_final": "2339",
                                                        "texto": "https:\/\/www.boe.es\/boe\/dias\/2026\/01\/07\/pdfs\/BOE-A-2026-413.pdf"
                                                    },
                                                    "url_html": "https:\/\/www.boe.es\/diario_boe\/txt.php?id=BOE-A-2026-413",
                                                    "url_xml": "https:\/\/www.boe.es\/diario_boe\/xml.php?id=BOE-A-2026-413"
                                                },
                                                {
                                                    "identificador": "BOE-A-2026-414",
                                                    "control": "2026\/57",
                                                    "titulo": "Resoluci\u00f3n de 30 de diciembre de 2025, de la Secretar\u00eda General T\u00e9cnica, por la que se publica el Convenio con Anajjar Asesores, para el desarrollo de estancias formativas del Instituto de Educaci\u00f3n Secundaria Leopoldo Queipo de Melilla.",
                                                    "url_pdf": {
                                                        "szBytes": "248597",
                                                        "szKBytes": "243",
                                                        "pagina_inicial": "2340",
                                                        "pagina_final": "2348",
                                                        "texto": "https:\/\/www.boe.es\/boe\/dias\/2026\/01\/07\/pdfs\/BOE-A-2026-414.pdf"
                                                    },
                                                    "url_html": "https:\/\/www.boe.es\/diario_boe\/txt.php?id=BOE-A-2026-414",
                                                    "url_xml": "https:\/\/www.boe.es\/diario_boe\/xml.php?id=BOE-A-2026-414"
                                                },
                                                {
                                                    "identificador": "BOE-A-2026-415",
                                                    "control": "2026\/71",
                                                    "titulo": "Resoluci\u00f3n de 30 de diciembre de 2025, de la Secretar\u00eda General T\u00e9cnica, por la que se publica el Convenio con Serglobin, SLU, para el desarrollo de estancias formativas del Instituto de Estudios Superiores Leopoldo Queipo de Melilla.",
                                                    "url_pdf": {
                                                        "szBytes": "252145",
                                                        "szKBytes": "246",
                                                        "pagina_inicial": "2349",
                                                        "pagina_final": "2357",
                                                        "texto": "https:\/\/www.boe.es\/boe\/dias\/2026\/01\/07\/pdfs\/BOE-A-2026-415.pdf"
                                                    },
                                                    "url_html": "https:\/\/www.boe.es\/diario_boe\/txt.php?id=BOE-A-2026-415",
                                                    "url_xml": "https:\/\/www.boe.es\/diario_boe\/xml.php?id=BOE-A-2026-415"
                                                }
                                            ]
                                        }
                                    ]
                                },
                                {
                                    "codigo": "9565",
                                    "nombre": "MINISTERIO DE CIENCIA, INNOVACI\u00d3N Y UNIVERSIDADES",
                                    "epigrafe": [
                                        {
                                            "nombre": "Convenios",
                                            "item": [
                                                {
                                                    "identificador": "BOE-A-2026-416",
                                                    "control": "2026\/103",
                                                    "titulo": "Resoluci\u00f3n de 19 de diciembre de 2025, de la Agencia Nacional de Evaluaci\u00f3n de la Calidad y Acreditaci\u00f3n, por la que se publica el Convenio con la Universidad Europea Miguel de Cervantes, para la evaluaci\u00f3n de la actividad investigadora del personal docente e investigador contratado.",
                                                    "url_pdf": {
                                                        "szBytes": "236953",
                                                        "szKBytes": "231",
                                                        "pagina_inicial": "2358",
                                                        "pagina_final": "2365",
                                                        "texto": "https:\/\/www.boe.es\/boe\/dias\/2026\/01\/07\/pdfs\/BOE-A-2026-416.pdf"
                                                    },
                                                    "url_html": "https:\/\/www.boe.es\/diario_boe\/txt.php?id=BOE-A-2026-416",
                                                    "url_xml": "https:\/\/www.boe.es\/diario_boe\/xml.php?id=BOE-A-2026-416"
                                                },
                                                {
                                                    "identificador": "BOE-A-2026-417",
                                                    "control": "2026\/104",
                                                    "titulo": "Resoluci\u00f3n de 19 de diciembre de 2025, de la Agencia Nacional de Evaluaci\u00f3n de la Calidad y Acreditaci\u00f3n, por la que se publica el Convenio con la Universidad Pontificia de Comillas, para la evaluaci\u00f3n de la actividad investigadora del personal docente e investigador contratado.",
                                                    "url_pdf": {
                                                        "szBytes": "235296",
                                                        "szKBytes": "230",
                                                        "pagina_inicial": "2366",
                                                        "pagina_final": "2373",
                                                        "texto": "https:\/\/www.boe.es\/boe\/dias\/2026\/01\/07\/pdfs\/BOE-A-2026-417.pdf"
                                                    },
                                                    "url_html": "https:\/\/www.boe.es\/diario_boe\/txt.php?id=BOE-A-2026-417",
                                                    "url_xml": "https:\/\/www.boe.es\/diario_boe\/xml.php?id=BOE-A-2026-417"
                                                },
                                                {
                                                    "identificador": "BOE-A-2026-418",
                                                    "control": "2026\/105",
                                                    "titulo": "Resoluci\u00f3n de 19 de diciembre de 2025, de la Agencia Nacional de Evaluaci\u00f3n de la Calidad y Acreditaci\u00f3n, por la que se publica el Convenio con la Universidad San Pablo-CEU, para la evaluaci\u00f3n de la actividad investigadora del personal docente e investigador contratado.",
                                                    "url_pdf": {
                                                        "szBytes": "236960",
                                                        "szKBytes": "231",
                                                        "pagina_inicial": "2374",
                                                        "pagina_final": "2381",
                                                        "texto": "https:\/\/www.boe.es\/boe\/dias\/2026\/01\/07\/pdfs\/BOE-A-2026-418.pdf"
                                                    },
                                                    "url_html": "https:\/\/www.boe.es\/diario_boe\/txt.php?id=BOE-A-2026-418",
                                                    "url_xml": "https:\/\/www.boe.es\/diario_boe\/xml.php?id=BOE-A-2026-418"
                                                },
                                                {
                                                    "identificador": "BOE-A-2026-419",
                                                    "control": "2026\/222",
                                                    "titulo": "Resoluci\u00f3n de 19 de diciembre de 2025, de la Agencia Nacional de Evaluaci\u00f3n de la Calidad y Acreditaci\u00f3n, por la que se publica el Convenio con la Escuela Universitaria de Artes TAI, para la evaluaci\u00f3n de la actividad investigadora del personal docente e investigador contratado.",
                                                    "url_pdf": {
                                                        "szBytes": "236428",
                                                        "szKBytes": "231",
                                                        "pagina_inicial": "2382",
                                                        "pagina_final": "2389",
                                                        "texto": "https:\/\/www.boe.es\/boe\/dias\/2026\/01\/07\/pdfs\/BOE-A-2026-419.pdf"
                                                    },
                                                    "url_html": "https:\/\/www.boe.es\/diario_boe\/txt.php?id=BOE-A-2026-419",
                                                    "url_xml": "https:\/\/www.boe.es\/diario_boe\/xml.php?id=BOE-A-2026-419"
                                                },
                                                {
                                                    "identificador": "BOE-A-2026-420",
                                                    "control": "2026\/98",
                                                    "titulo": "Resoluci\u00f3n de 19 de diciembre de 2025, de la Agencia Nacional de Evaluaci\u00f3n de la Calidad y Acreditaci\u00f3n, por la que se publica el Convenio con el Centro de Ense\u00f1anza Superior Cardenal Cisneros, para la evaluaci\u00f3n de la actividad investigadora del personal docente e investigador contratado.",
                                                    "url_pdf": {
                                                        "szBytes": "235207",
                                                        "szKBytes": "230",
                                                        "pagina_inicial": "2390",
                                                        "pagina_final": "2397",
                                                        "texto": "https:\/\/www.boe.es\/boe\/dias\/2026\/01\/07\/pdfs\/BOE-A-2026-420.pdf"
                                                    },
                                                    "url_html": "https:\/\/www.boe.es\/diario_boe\/txt.php?id=BOE-A-2026-420",
                                                    "url_xml": "https:\/\/www.boe.es\/diario_boe\/xml.php?id=BOE-A-2026-420"
                                                },
                                                {
                                                    "identificador": "BOE-A-2026-421",
                                                    "control": "2026\/99",
                                                    "titulo": "Resoluci\u00f3n de 19 de diciembre de 2025, de la Agencia Nacional de Evaluaci\u00f3n de la Calidad y Acreditaci\u00f3n, por la que se publica el Convenio con la Escuela Universitaria de Magisterio Fray Luis de Le\u00f3n, para la evaluaci\u00f3n de la actividad investigadora del personal docente e investigador contratado.",
                                                    "url_pdf": {
                                                        "szBytes": "236137",
                                                        "szKBytes": "231",
                                                        "pagina_inicial": "2398",
                                                        "pagina_final": "2405",
                                                        "texto": "https:\/\/www.boe.es\/boe\/dias\/2026\/01\/07\/pdfs\/BOE-A-2026-421.pdf"
                                                    },
                                                    "url_html": "https:\/\/www.boe.es\/diario_boe\/txt.php?id=BOE-A-2026-421",
                                                    "url_xml": "https:\/\/www.boe.es\/diario_boe\/xml.php?id=BOE-A-2026-421"
                                                }
                                            ]
                                        }
                                    ]
                                }
                            ]
                        },
                        {
                            "codigo": "5A",
                            "nombre": "V. Anuncios. - A. Contrataci\u00f3n del Sector P\u00fablico",
                            "departamento": {
                                "codigo": "9575",
                                "nombre": "MINISTERIO PARA LA TRANSICI\u00d3N ECOL\u00d3GICA Y EL RETO DEMOGR\u00c1FICO",
                                "texto": {
                                    "item": {
                                        "identificador": "BOE-B-2026-261",
                                        "titulo": "Anuncio de licitaci\u00f3n de: Secretar\u00eda de Estado de Medio Ambiente. Objeto: Planta de generaci\u00f3n fotovoltaica en la finca de Ribavellosa, Almarza de Cameros (La Rioja), en el marco del Plan de Recuperaci\u00f3n, Transformaci\u00f3n y Resiliencia (PRTR). Expediente: P04.C11.I04.P03.S01.01.006 (Provisional).",
                                        "url_pdf": {
                                            "szBytes": "225642",
                                            "szKBytes": "220",
                                            "pagina_inicial": "491",
                                            "pagina_final": "493",
                                            "texto": "https:\/\/www.boe.es\/boe\/dias\/2026\/01\/07\/pdfs\/BOE-B-2026-261.pdf"
                                        },
                                        "url_html": "https:\/\/www.boe.es\/diario_boe\/txt.php?id=BOE-B-2026-261",
                                        "url_xml": "https:\/\/www.boe.es\/diario_boe\/xml.php?id=BOE-B-2026-261"
                                    }
                                }
                            }
                        }
                    ]
                }
            ]
        }
    }
}