{
    "status": {
        "code": "200",
        "text": "ok"
    },
    "data": {
        "sumario": {
            "metadatos": {
                "publicacion": "BOE",
                "fecha_publicacion": "20251225"
            },
            "diario": [
                {
                    "numero": "310",
                    "sumario_diario": {
                        "identificador": "BOE-S-2025-310",
                        "url_pdf": {
                            "szBytes": "249624",
                            "szKBytes": "244",
                            "texto": "https:\/\/www.boe.es\/boe\/dias\/2025\/12\/25\/pdfs\/BOE-S-2025-310.pdf"
                        }
                    },
                    "seccion": [
                        {
                            "codigo": "1",
                            "nombre": "I. Disposiciones generales",
                            "departamento": {
                                "codigo": "1820",
                                "nombre": "CONSEJO GENERAL DEL PODER JUDICIAL",
                                "texto": {
                                    "epigrafe": [
                                        {
                                            "nombre": "\u00d3rganos judiciales",
                                            "item": {
                                                "identificador": "BOE-A-2025-26555",
                                                "control": "2025\/20360",
                                                "titulo": "Acuerdo de 17 de diciembre de 2025, del Pleno del Consejo General del Poder Judicial, por el que se aprueba el Reglamento 1\/2025, sobre provisi\u00f3n de plazas de nombramiento discrecional en \u00f3rganos judiciales.",
                                                "url_pdf": {
                                                    "szBytes": "312193",
                                                    "szKBytes": "305",
                                                    "pagina_inicial": "174916",
                                                    "pagina_final": "174934",
                                                    "texto": "https:\/\/www.boe.es\/boe\/dias\/2025\/12\/25\/pdfs\/BOE-A-2025-26555.pdf"
                                                },
                                                "url_html": "https:\/\/www.boe.es\/diario_boe\/txt.php?id=BOE-A-2025-26555",
                                                "url_xml": "https:\/\/www.boe.es\/diario_boe\/xml.php?id=BOE-A-2025-26555"
                                            }
                                        }
                                    ]
                                }
                            }
                        },
                        {
                            "codigo": "2A",
                            "nombre": "II. Autoridades y personal. - A. Nombramientos, situaciones e incidencias",
                            "departamento": [
                                {
                                    "codigo": "1820",
                                    "nombre": "CONSEJO GENERAL DEL PODER JUDICIAL",
                                    "epigrafe": [
                                        {
                                            "nombre": "Situaciones",
                                            "item": {
                                                "identificador": "BOE-A-2025-26556",
                                                "control": "2025\/17121",
                                                "titulo": "Acuerdo de 16 de septiembre de 2025, de la Comisi\u00f3n Permanente del Consejo General del Poder Judicial, por el que se declara la jubilaci\u00f3n forzosa del Magistrado don Jes\u00fas Ignacio Moncada Ariza.",
                                                "url_pdf": {
                                                    "szBytes": "191353",
                                                    "szKBytes": "187",
                                                    "pagina_inicial": "174935",
                                                    "pagina_final": "174935",
                                                    "texto": "https:\/\/www.boe.es\/boe\/dias\/2025\/12\/25\/pdfs\/BOE-A-2025-26556.pdf"
                                                },
                                                "url_html": "https:\/\/www.boe.es\/diario_boe\/txt.php?id=BOE-A-2025-26556",
                                                "url_xml": "https:\/\/www.boe.es\/diario_boe\/xml.php?id=BOE-A-2025-26556"
                                            }
                                        }
                                    ]
                                },
                                {
                                    "codigo": "9585",
                                    "nombre": "MINISTERIO DE LA PRESIDENCIA, JUSTICIA Y RELACIONES CON LAS CORTES",
                                    "epigrafe": [
                                        {
                                            "nombre": "Nombramientos",
                                            "item": {
                                                "identificador": "BOE-A-2025-26557",
                                                "control": "2025\/20364",
                                                "titulo": "Resoluci\u00f3n de 17 de diciembre de 2025, de la Direcci\u00f3n General de Seguridad Jur\u00eddica y Fe P\u00fablica, por la que se nombra Notaria Archivera de Protocolos del Distrito Notarial de Laredo a la notaria de dicha localidad, do\u00f1a Nuria Rojo Toribio.",
                                                "url_pdf": {
                                                    "szBytes": "191733",
                                                    "szKBytes": "187",
                                                    "pagina_inicial": "174936",
                                                    "pagina_final": "174936",
                                                    "texto": "https:\/\/www.boe.es\/boe\/dias\/2025\/12\/25\/pdfs\/BOE-A-2025-26557.pdf"
                                                },
                                                "url_html": "https:\/\/www.boe.es\/diario_boe\/txt.php?id=BOE-A-2025-26557",
                                                "url_xml": "https:\/\/www.boe.es\/diario_boe\/xml.php?id=BOE-A-2025-26557"
                                            }
                                        },
                                        {
                                            "nombre": "Situaciones",
                                            "item": {
                                                "identificador": "BOE-A-2025-26558",
                                                "control": "2025\/20365",
                                                "titulo": "Resoluci\u00f3n de 17 de diciembre de 2025, de la Direcci\u00f3n General de Seguridad Jur\u00eddica y Fe P\u00fablica, por la que se declara la jubilaci\u00f3n del notario de Castell\u00f3n de la Plana don Jos\u00e9 Vicente Malo Concepci\u00f3n.",
                                                "url_pdf": {
                                                    "szBytes": "192200",
                                                    "szKBytes": "188",
                                                    "pagina_inicial": "174937",
                                                    "pagina_final": "174937",
                                                    "texto": "https:\/\/www.boe.es\/boe\/dias\/2025\/12\/25\/pdfs\/BOE-A-2025-26558.pdf"
                                                },
                                                "url_html": "https:\/\/www.boe.es\/diario_boe\/txt.php?id=BOE-A-2025-26558",
                                                "url_xml": "https:\/\/www.boe.es\/diario_boe\/xml.php?id=BOE-A-2025-26558"
                                            }
                                        }
                                    ]
                                },
                                {
                                    "codigo": "4620",
                                    "nombre": "MINISTERIO DE IGUALDAD",
                                    "epigrafe": [
                                        {
                                            "nombre": "Destinos",
                                            "item": {
                                                "identificador": "BOE-A-2025-26559",
                                                "control": "2025\/20175",
                                                "titulo": "Resoluci\u00f3n de 18 de diciembre de 2025, de la Subsecretar\u00eda, por la que se resuelve la convocatoria de libre designaci\u00f3n, efectuada por Resoluci\u00f3n de 2 de octubre de 2025.",
                                                "url_pdf": {
                                                    "szBytes": "205011",
                                                    "szKBytes": "200",
                                                    "pagina_inicial": "174938",
                                                    "pagina_final": "174939",
                                                    "texto": "https:\/\/www.boe.es\/boe\/dias\/2025\/12\/25\/pdfs\/BOE-A-2025-26559.pdf"
                                                },
                                                "url_html": "https:\/\/www.boe.es\/diario_boe\/txt.php?id=BOE-A-2025-26559",
                                                "url_xml": "https:\/\/www.boe.es\/diario_boe\/xml.php?id=BOE-A-2025-26559"
                                            }
                                        }
                                    ]
                                },
                                {
                                    "codigo": "9579",
                                    "nombre": "MINISTERIO DE INCLUSI\u00d3N, SEGURIDAD SOCIAL Y MIGRACIONES",
                                    "epigrafe": [
                                        {
                                            "nombre": "Destinos",
                                            "item": {
                                                "identificador": "BOE-A-2025-26560",
                                                "control": "2025\/20367",
                                                "titulo": "Resoluci\u00f3n de 15 de diciembre de 2025, de la Subsecretar\u00eda, por la que se resuelve la convocatoria de libre designaci\u00f3n, efectuada por Resoluci\u00f3n de 31 de octubre de 2025.",
                                                "url_pdf": {
                                                    "szBytes": "213186",
                                                    "szKBytes": "208",
                                                    "pagina_inicial": "174940",
                                                    "pagina_final": "174941",
                                                    "texto": "https:\/\/www.boe.es\/boe\/dias\/2025\/12\/25\/pdfs\/BOE-A-2025-26560.pdf"
                                                },
                                                "url_html": "https:\/\/www.boe.es\/diario_boe\/txt.php?id=BOE-A-2025-26560",
                                                "url_xml": "https:\/\/www.boe.es\/diario_boe\/xml.php?id=BOE-A-2025-26560"
                                            }
                                        }
                                    ]
                                },
                                {
                                    "codigo": "310",
                                    "nombre": "UNIVERSIDADES",
                                    "epigrafe": [
                                        {
                                            "nombre": "Nombramientos",
                                            "item": [
                                                {
                                                    "identificador": "BOE-A-2025-26561",
                                                    "control": "2025\/19857",
                                                    "titulo": "Resoluci\u00f3n de 12 de diciembre de 2025, de la Universidad de Alicante, por la que se nombra Catedr\u00e1tico de Universidad a don Miguel \u00c1ngel Lozano Ortega.",
                                                    "url_pdf": {
                                                        "szBytes": "191672",
                                                        "szKBytes": "187",
                                                        "pagina_inicial": "174942",
                                                        "pagina_final": "174942",
                                                        "texto": "https:\/\/www.boe.es\/boe\/dias\/2025\/12\/25\/pdfs\/BOE-A-2025-26561.pdf"
                                                    },
                                                    "url_html": "https:\/\/www.boe.es\/diario_boe\/txt.php?id=BOE-A-2025-26561",
                                                    "url_xml": "https:\/\/www.boe.es\/diario_boe\/xml.php?id=BOE-A-2025-26561"
                                                },
                                                {
                                                    "identificador": "BOE-A-2025-26562",
                                                    "control": "2025\/19859",
                                                    "titulo": "Resoluci\u00f3n de 12 de diciembre de 2025, de la Universidad de La Laguna, por la que se nombran Catedr\u00e1ticas y Catedr\u00e1ticos de Universidad.",
                                                    "url_pdf": {
                                                        "szBytes": "192296",
                                                        "szKBytes": "188",
                                                        "pagina_inicial": "174943",
                                                        "pagina_final": "174943",
                                                        "texto": "https:\/\/www.boe.es\/boe\/dias\/2025\/12\/25\/pdfs\/BOE-A-2025-26562.pdf"
                                                    },
                                                    "url_html": "https:\/\/www.boe.es\/diario_boe\/txt.php?id=BOE-A-2025-26562",
                                                    "url_xml": "https:\/\/www.boe.es\/diario_boe\/xml.php?id=BOE-A-2025-26562"
                                                },
                                                {
                                                    "identificador": "BOE-A-2025-26563",
                                                    "control": "2025\/19860",
                                                    "titulo": "Resoluci\u00f3n de 12 de diciembre de 2025, de la Universidad de M\u00e1laga, por la que se nombra Profesor Titular de Universidad a don Antonio Jes\u00fas Santana Guzm\u00e1n.",
                                                    "url_pdf": {
                                                        "szBytes": "192257",
                                                        "szKBytes": "188",
                                                        "pagina_inicial": "174944",
                                                        "pagina_final": "174944",
                                                        "texto": "https:\/\/www.boe.es\/boe\/dias\/2025\/12\/25\/pdfs\/BOE-A-2025-26563.pdf"
                                                    },
                                                    "url_html": "https:\/\/www.boe.es\/diario_boe\/txt.php?id=BOE-A-2025-26563",
                                                    "url_xml": "https:\/\/www.boe.es\/diario_boe\/xml.php?id=BOE-A-2025-26563"
                                                },
                                                {
                                                    "identificador": "BOE-A-2025-26564",
                                                    "control": "2025\/19861",
                                                    "titulo": "Resoluci\u00f3n de 12 de diciembre de 2025, de la Universidad de Murcia, por la que se nombran Profesores Titulares de Universidad.",
                                                    "url_pdf": {
                                                        "szBytes": "191620",
                                                        "szKBytes": "187",
                                                        "pagina_inicial": "174945",
                                                        "pagina_final": "174945",
                                                        "texto": "https:\/\/www.boe.es\/boe\/dias\/2025\/12\/25\/pdfs\/BOE-A-2025-26564.pdf"
                                                    },
                                                    "url_html": "https:\/\/www.boe.es\/diario_boe\/txt.php?id=BOE-A-2025-26564",
                                                    "url_xml": "https:\/\/www.boe.es\/diario_boe\/xml.php?id=BOE-A-2025-26564"
                                                },
                                                {
                                                    "identificador": "BOE-A-2025-26565",
                                                    "control": "2025\/19862",
                                                    "titulo": "Resoluci\u00f3n de 12 de diciembre de 2025, de la Universidad de Oviedo, por la que se nombran Catedr\u00e1ticas y Catedr\u00e1ticos de Universidad.",
                                                    "url_pdf": {
                                                        "szBytes": "192778",
                                                        "szKBytes": "188",
                                                        "pagina_inicial": "174946",
                                                        "pagina_final": "174946",
                                                        "texto": "https:\/\/www.boe.es\/boe\/dias\/2025\/12\/25\/pdfs\/BOE-A-2025-26565.pdf"
                                                    },
                                                    "url_html": "https:\/\/www.boe.es\/diario_boe\/txt.php?id=BOE-A-2025-26565",
                                                    "url_xml": "https:\/\/www.boe.es\/diario_boe\/xml.php?id=BOE-A-2025-26565"
                                                },
                                                {
                                                    "identificador": "BOE-A-2025-26566",
                                                    "control": "2025\/19863",
                                                    "titulo": "Resoluci\u00f3n de 12 de diciembre de 2025, de la Universidad de Oviedo, por la que se nombran Profesoras y Profesores Titulares de Universidad.",
                                                    "url_pdf": {
                                                        "szBytes": "192576",
                                                        "szKBytes": "188",
                                                        "pagina_inicial": "174947",
                                                        "pagina_final": "174947",
                                                        "texto": "https:\/\/www.boe.es\/boe\/dias\/2025\/12\/25\/pdfs\/BOE-A-2025-26566.pdf"
                                                    },
                                                    "url_html": "https:\/\/www.boe.es\/diario_boe\/txt.php?id=BOE-A-2025-26566",
                                                    "url_xml": "https:\/\/www.boe.es\/diario_boe\/xml.php?id=BOE-A-2025-26566"
                                                }
                                            ]
                                        }
                                    ]
                                }
                            ]
                        },
                        {
                            "codigo": "2B",
                            "nombre": "II. Autoridades y personal. - B. Oposiciones y concursos",
                            "departamento": [
                                {
                                    "codigo": "6110",
                                    "nombre": "MINISTERIO DE DEFENSA",
                                    "epigrafe": [
                                        {
                                            "nombre": "Jurisdicci\u00f3n militar",
                                            "item": [
                                                {
                                                    "identificador": "BOE-A-2025-26567",
                                                    "control": "2025\/20282",
                                                    "titulo": "Resoluci\u00f3n 430\/38545\/2025, de 17 de diciembre, de la Direcci\u00f3n General de Personal, por la que se declara desierta la convocatoria, efectuada por Resoluci\u00f3n 430\/38181\/2025, de 23 de abril, en los \u00f3rganos judiciales de la jurisdicci\u00f3n militar.",
                                                    "url_pdf": {
                                                        "szBytes": "190794",
                                                        "szKBytes": "186",
                                                        "pagina_inicial": "174948",
                                                        "pagina_final": "174948",
                                                        "texto": "https:\/\/www.boe.es\/boe\/dias\/2025\/12\/25\/pdfs\/BOE-A-2025-26567.pdf"
                                                    },
                                                    "url_html": "https:\/\/www.boe.es\/diario_boe\/txt.php?id=BOE-A-2025-26567",
                                                    "url_xml": "https:\/\/www.boe.es\/diario_boe\/xml.php?id=BOE-A-2025-26567"
                                                },
                                                {
                                                    "identificador": "BOE-A-2025-26568",
                                                    "control": "2025\/20283",
                                                    "titulo": "Resoluci\u00f3n 430\/38546\/2025, de 17 de diciembre, de la Direcci\u00f3n General de Personal, por la que se declara desierta la convocatoria, efectuada por Resoluci\u00f3n 430\/38184\/2025, de 23 de abril, en los \u00f3rganos judiciales de la jurisdicci\u00f3n militar.",
                                                    "url_pdf": {
                                                        "szBytes": "190932",
                                                        "szKBytes": "186",
                                                        "pagina_inicial": "174949",
                                                        "pagina_final": "174949",
                                                        "texto": "https:\/\/www.boe.es\/boe\/dias\/2025\/12\/25\/pdfs\/BOE-A-2025-26568.pdf"
                                                    },
                                                    "url_html": "https:\/\/www.boe.es\/diario_boe\/txt.php?id=BOE-A-2025-26568",
                                                    "url_xml": "https:\/\/www.boe.es\/diario_boe\/xml.php?id=BOE-A-2025-26568"
                                                }
                                            ]
                                        }
                                    ]
                                },
                                {
                                    "codigo": "9573",
                                    "nombre": "MINISTERIO DE TRABAJO Y ECONOM\u00cdA SOCIAL",
                                    "epigrafe": [
                                        {
                                            "nombre": "Procedimientos de libre designaci\u00f3n",
                                            "item": {
                                                "identificador": "BOE-A-2025-26569",
                                                "control": "2025\/20376",
                                                "titulo": "Resoluci\u00f3n de 10 de diciembre de 2025, conjunta de las Subsecretar\u00edas de Trabajo y Econom\u00eda Social y de Inclusi\u00f3n, Seguridad Social y Migraciones, por la que se convoca la provisi\u00f3n de puesto de trabajo por el sistema de libre designaci\u00f3n, en la Consejer\u00eda de Trabajo, Migraciones y Seguridad Social en B\u00e9lgica.",
                                                "url_pdf": {
                                                    "szBytes": "281928",
                                                    "szKBytes": "275",
                                                    "pagina_inicial": "174950",
                                                    "pagina_final": "174953",
                                                    "texto": "https:\/\/www.boe.es\/boe\/dias\/2025\/12\/25\/pdfs\/BOE-A-2025-26569.pdf"
                                                },
                                                "url_html": "https:\/\/www.boe.es\/diario_boe\/txt.php?id=BOE-A-2025-26569",
                                                "url_xml": "https:\/\/www.boe.es\/diario_boe\/xml.php?id=BOE-A-2025-26569"
                                            }
                                        }
                                    ]
                                },
                                {
                                    "codigo": "9579",
                                    "nombre": "MINISTERIO DE INCLUSI\u00d3N, SEGURIDAD SOCIAL Y MIGRACIONES",
                                    "epigrafe": [
                                        {
                                            "nombre": "Cuerpo Superior de T\u00e9cnicos de la Administraci\u00f3n de la Seguridad Social",
                                            "item": {
                                                "identificador": "BOE-A-2025-26570",
                                                "control": "2025\/20378",
                                                "titulo": "Resoluci\u00f3n de 19 de diciembre de 2025, de la Subsecretar\u00eda, por la que se p\u00fablica la relaci\u00f3n de aspirantes que han aprobado la fase de oposici\u00f3n del proceso selectivo para ingreso, por el sistema general de acceso libre, en el Cuerpo Superior de T\u00e9cnicos de la Administraci\u00f3n de la Seguridad Social, convocado por Resoluci\u00f3n de 29 de noviembre de 2024.",
                                                "url_pdf": {
                                                    "szBytes": "259946",
                                                    "szKBytes": "254",
                                                    "pagina_inicial": "174954",
                                                    "pagina_final": "174957",
                                                    "texto": "https:\/\/www.boe.es\/boe\/dias\/2025\/12\/25\/pdfs\/BOE-A-2025-26570.pdf"
                                                },
                                                "url_html": "https:\/\/www.boe.es\/diario_boe\/txt.php?id=BOE-A-2025-26570",
                                                "url_xml": "https:\/\/www.boe.es\/diario_boe\/xml.php?id=BOE-A-2025-26570"
                                            }
                                        }
                                    ]
                                },
                                {
                                    "codigo": "9595",
                                    "nombre": "MINISTERIO PARA LA TRANSFORMACI\u00d3N DIGITAL Y DE LA FUNCI\u00d3N P\u00daBLICA",
                                    "epigrafe": [
                                        {
                                            "nombre": "Escala de Gesti\u00f3n de Organismos Aut\u00f3nomos",
                                            "item": {
                                                "identificador": "BOE-A-2025-26571",
                                                "control": "2025\/20379",
                                                "titulo": "Resoluci\u00f3n de 16 de diciembre de 2025, de la Secretar\u00eda de Estado de Funci\u00f3n P\u00fablica, por la que se modifica la composici\u00f3n del Tribunal calificador del proceso selectivo para el acceso a la Escala de Gesti\u00f3n de Organismos Aut\u00f3nomos para el cambio de r\u00e9gimen jur\u00eddico del personal laboral fijo incluido en el Anexo II del IV Convenio \u00danico para el personal laboral de la Administraci\u00f3n General del Estado, convocado por Resoluci\u00f3n de 21 de abril de 2025.",
                                                "url_pdf": {
                                                    "szBytes": "192240",
                                                    "szKBytes": "188",
                                                    "pagina_inicial": "174958",
                                                    "pagina_final": "174958",
                                                    "texto": "https:\/\/www.boe.es\/boe\/dias\/2025\/12\/25\/pdfs\/BOE-A-2025-26571.pdf"
                                                },
                                                "url_html": "https:\/\/www.boe.es\/diario_boe\/txt.php?id=BOE-A-2025-26571",
                                                "url_xml": "https:\/\/www.boe.es\/diario_boe\/xml.php?id=BOE-A-2025-26571"
                                            }
                                        }
                                    ]
                                },
                                {
                                    "codigo": "9525",
                                    "nombre": "ADMINISTRACI\u00d3N LOCAL",
                                    "epigrafe": [
                                        {
                                            "nombre": "Personal funcionario y laboral",
                                            "item": {
                                                "identificador": "BOE-A-2025-26572",
                                                "control": "2025\/106473",
                                                "titulo": "Resoluci\u00f3n de 22 de diciembre de 2025, del Ayuntamiento de Cambrils (Tarragona), que deja sin efecto la de 12 de noviembre de 2025, referente a la convocatoria para proveer varias plazas.",
                                                "url_pdf": {
                                                    "szBytes": "189864",
                                                    "szKBytes": "185",
                                                    "pagina_inicial": "174959",
                                                    "pagina_final": "174959",
                                                    "texto": "https:\/\/www.boe.es\/boe\/dias\/2025\/12\/25\/pdfs\/BOE-A-2025-26572.pdf"
                                                },
                                                "url_html": "https:\/\/www.boe.es\/diario_boe\/txt.php?id=BOE-A-2025-26572",
                                                "url_xml": "https:\/\/www.boe.es\/diario_boe\/xml.php?id=BOE-A-2025-26572"
                                            }
                                        }
                                    ]
                                },
                                {
                                    "codigo": "310",
                                    "nombre": "UNIVERSIDADES",
                                    "epigrafe": [
                                        {
                                            "nombre": "Cuerpos docentes universitarios",
                                            "item": {
                                                "identificador": "BOE-A-2025-26573",
                                                "control": "2025\/20294",
                                                "titulo": "Resoluci\u00f3n de 18 de diciembre de 2025, de la Universidad de M\u00e1laga, por la que se corrigen errores en la de 11 de diciembre de 2025, por la que se convoca concurso de acceso a plazas de cuerpos docentes universitarios.",
                                                "url_pdf": {
                                                    "szBytes": "192950",
                                                    "szKBytes": "188",
                                                    "pagina_inicial": "174960",
                                                    "pagina_final": "174960",
                                                    "texto": "https:\/\/www.boe.es\/boe\/dias\/2025\/12\/25\/pdfs\/BOE-A-2025-26573.pdf"
                                                },
                                                "url_html": "https:\/\/www.boe.es\/diario_boe\/txt.php?id=BOE-A-2025-26573",
                                                "url_xml": "https:\/\/www.boe.es\/diario_boe\/xml.php?id=BOE-A-2025-26573"
                                            }
                                        },
                                        {
                                            "nombre": "Personal t\u00e9cnico, de gesti\u00f3n y de administraci\u00f3n y servicios",
                                            "item": [
                                                {
                                                    "identificador": "BOE-A-2025-26574",
                                                    "control": "2025\/20199",
                                                    "titulo": "Resoluci\u00f3n de 17 de diciembre de 2025, de la Universidad de Murcia, referente a la convocatoria para proveer plaza de la Escala de Diplomados T\u00e9cnicos: Especialidad DUE en Deporte.",
                                                    "url_pdf": {
                                                        "szBytes": "191831",
                                                        "szKBytes": "187",
                                                        "pagina_inicial": "174961",
                                                        "pagina_final": "174961",
                                                        "texto": "https:\/\/www.boe.es\/boe\/dias\/2025\/12\/25\/pdfs\/BOE-A-2025-26574.pdf"
                                                    },
                                                    "url_html": "https:\/\/www.boe.es\/diario_boe\/txt.php?id=BOE-A-2025-26574",
                                                    "url_xml": "https:\/\/www.boe.es\/diario_boe\/xml.php?id=BOE-A-2025-26574"
                                                },
                                                {
                                                    "identificador": "BOE-A-2025-26575",
                                                    "control": "2025\/20200",
                                                    "titulo": "Resoluci\u00f3n de 17 de diciembre de 2025, de la Universidad de Murcia, referente a la convocatoria para proveer plaza de la Escala Superior Facultativa: Especialidad Veterinario\/a de Animales de Experimentaci\u00f3n.",
                                                    "url_pdf": {
                                                        "szBytes": "192062",
                                                        "szKBytes": "188",
                                                        "pagina_inicial": "174962",
                                                        "pagina_final": "174962",
                                                        "texto": "https:\/\/www.boe.es\/boe\/dias\/2025\/12\/25\/pdfs\/BOE-A-2025-26575.pdf"
                                                    },
                                                    "url_html": "https:\/\/www.boe.es\/diario_boe\/txt.php?id=BOE-A-2025-26575",
                                                    "url_xml": "https:\/\/www.boe.es\/diario_boe\/xml.php?id=BOE-A-2025-26575"
                                                },
                                                {
                                                    "identificador": "BOE-A-2025-26576",
                                                    "control": "2025\/20201",
                                                    "titulo": "Resoluci\u00f3n de 17 de diciembre de 2025, de la Universidad de Murcia, referente a la convocatoria para proveer plaza de la Escala Superior Facultativa: Especialidad Sociolog\u00eda.",
                                                    "url_pdf": {
                                                        "szBytes": "192115",
                                                        "szKBytes": "188",
                                                        "pagina_inicial": "174963",
                                                        "pagina_final": "174963",
                                                        "texto": "https:\/\/www.boe.es\/boe\/dias\/2025\/12\/25\/pdfs\/BOE-A-2025-26576.pdf"
                                                    },
                                                    "url_html": "https:\/\/www.boe.es\/diario_boe\/txt.php?id=BOE-A-2025-26576",
                                                    "url_xml": "https:\/\/www.boe.es\/diario_boe\/xml.php?id=BOE-A-2025-26576"
                                                },
                                                {
                                                    "identificador": "BOE-A-2025-26577",
                                                    "control": "2025\/20202",
                                                    "titulo": "Resoluci\u00f3n de 17 de diciembre de 2025, de la Universidad de Murcia, referente a la convocatoria para proveer plazas de la Escala de Diplomados T\u00e9cnicos: Especialidad Prospecci\u00f3n de Empleo y Pr\u00e1cticas.",
                                                    "url_pdf": {
                                                        "szBytes": "191920",
                                                        "szKBytes": "187",
                                                        "pagina_inicial": "174964",
                                                        "pagina_final": "174964",
                                                        "texto": "https:\/\/www.boe.es\/boe\/dias\/2025\/12\/25\/pdfs\/BOE-A-2025-26577.pdf"
                                                    },
                                                    "url_html": "https:\/\/www.boe.es\/diario_boe\/txt.php?id=BOE-A-2025-26577",
                                                    "url_xml": "https:\/\/www.boe.es\/diario_boe\/xml.php?id=BOE-A-2025-26577"
                                                },
                                                {
                                                    "identificador": "BOE-A-2025-26578",
                                                    "control": "2025\/20203",
                                                    "titulo": "Resoluci\u00f3n de 17 de diciembre de 2025, de la Universidad de Murcia, referente a la convocatoria para proveer plazas de la Escala T\u00e9cnica Auxiliar: Especialidad B\u00e1sica de Servicios.",
                                                    "url_pdf": {
                                                        "szBytes": "192241",
                                                        "szKBytes": "188",
                                                        "pagina_inicial": "174965",
                                                        "pagina_final": "174965",
                                                        "texto": "https:\/\/www.boe.es\/boe\/dias\/2025\/12\/25\/pdfs\/BOE-A-2025-26578.pdf"
                                                    },
                                                    "url_html": "https:\/\/www.boe.es\/diario_boe\/txt.php?id=BOE-A-2025-26578",
                                                    "url_xml": "https:\/\/www.boe.es\/diario_boe\/xml.php?id=BOE-A-2025-26578"
                                                }
                                            ]
                                        }
                                    ]
                                }
                            ]
                        },
                        {
                            "codigo": "3",
                            "nombre": "III. Otras disposiciones",
                            "departamento": [
                                {
                                    "codigo": "9585",
                                    "nombre": "MINISTERIO DE LA PRESIDENCIA, JUSTICIA Y RELACIONES CON LAS CORTES",
                                    "epigrafe": [
                                        {
                                            "nombre": "Ayudas",
                                            "item": {
                                                "identificador": "BOE-A-2025-26579",
                                                "control": "2025\/20120",
                                                "titulo": "Resoluci\u00f3n de 16 de diciembre de 2025, de la Mutualidad General Judicial, por la que se convocan ayudas de los Programas del Plan de Atenci\u00f3n Socio-Sanitaria para 2026.",
                                                "url_pdf": {
                                                    "szBytes": "281577",
                                                    "szKBytes": "275",
                                                    "pagina_inicial": "174966",
                                                    "pagina_final": "174976",
                                                    "texto": "https:\/\/www.boe.es\/boe\/dias\/2025\/12\/25\/pdfs\/BOE-A-2025-26579.pdf"
                                                },
                                                "url_html": "https:\/\/www.boe.es\/diario_boe\/txt.php?id=BOE-A-2025-26579",
                                                "url_xml": "https:\/\/www.boe.es\/diario_boe\/xml.php?id=BOE-A-2025-26579"
                                            }
                                        },
                                        {
                                            "nombre": "Convenios",
                                            "item": {
                                                "identificador": "BOE-A-2025-26580",
                                                "control": "2025\/20412",
                                                "titulo": "Resoluci\u00f3n de 18 de diciembre de 2025, de la Secretar\u00eda de Estado de Justicia, por la que se publica el Convenio con la Federaci\u00f3n Espa\u00f1ola de Municipios y Provincias, para el desarrollo de un marco com\u00fan de colaboraci\u00f3n en materia de eficiencia del Servicio P\u00fablico de Justicia e implantaci\u00f3n de las Oficinas de Justicia en el Municipio.",
                                                "url_pdf": {
                                                    "szBytes": "244790",
                                                    "szKBytes": "239",
                                                    "pagina_inicial": "174977",
                                                    "pagina_final": "174985",
                                                    "texto": "https:\/\/www.boe.es\/boe\/dias\/2025\/12\/25\/pdfs\/BOE-A-2025-26580.pdf"
                                                },
                                                "url_html": "https:\/\/www.boe.es\/diario_boe\/txt.php?id=BOE-A-2025-26580",
                                                "url_xml": "https:\/\/www.boe.es\/diario_boe\/xml.php?id=BOE-A-2025-26580"
                                            }
                                        },
                                        {
                                            "nombre": "Recursos",
                                            "item": {
                                                "identificador": "BOE-A-2025-26581",
                                                "control": "2025\/19940",
                                                "titulo": "Resoluci\u00f3n de 10 de diciembre de 2025, de la Secretar\u00eda General para la Innovaci\u00f3n y Calidad del Servicio P\u00fablico de Justicia, por la que se emplaza a las personas interesadas en el recurso contencioso-administrativo 2216\/2025, interpuesto ante el Tribunal Superior de Justicia de Madrid, Sala de lo Contencioso-Administrativo, Secci\u00f3n S\u00e9ptima.",
                                                "url_pdf": {
                                                    "szBytes": "191427",
                                                    "szKBytes": "187",
                                                    "pagina_inicial": "174986",
                                                    "pagina_final": "174986",
                                                    "texto": "https:\/\/www.boe.es\/boe\/dias\/2025\/12\/25\/pdfs\/BOE-A-2025-26581.pdf"
                                                },
                                                "url_html": "https:\/\/www.boe.es\/diario_boe\/txt.php?id=BOE-A-2025-26581",
                                                "url_xml": "https:\/\/www.boe.es\/diario_boe\/xml.php?id=BOE-A-2025-26581"
                                            }
                                        }
                                    ]
                                },
                                {
                                    "codigo": "6110",
                                    "nombre": "MINISTERIO DE DEFENSA",
                                    "epigrafe": [
                                        {
                                            "nombre": "Cr\u00eda Caballar de las Fuerzas Armadas. Precios p\u00fablicos",
                                            "item": {
                                                "identificador": "BOE-A-2025-26582",
                                                "control": "2025\/20122",
                                                "titulo": "Resoluci\u00f3n 420\/38535\/2025, de 10 de diciembre, de la Secretar\u00eda General T\u00e9cnica, por la que se actualiza la categorizaci\u00f3n de los caballos a la que se refiere el Anexo \u00fanico de la Orden DEF\/344\/2024, de 4 de abril, por la que se establecen los precios p\u00fablicos del servicio de Cr\u00eda Caballar de las Fuerzas Armadas.",
                                                "url_pdf": {
                                                    "szBytes": "261946",
                                                    "szKBytes": "256",
                                                    "pagina_inicial": "174987",
                                                    "pagina_final": "174989",
                                                    "texto": "https:\/\/www.boe.es\/boe\/dias\/2025\/12\/25\/pdfs\/BOE-A-2025-26582.pdf"
                                                },
                                                "url_html": "https:\/\/www.boe.es\/diario_boe\/txt.php?id=BOE-A-2025-26582",
                                                "url_xml": "https:\/\/www.boe.es\/diario_boe\/xml.php?id=BOE-A-2025-26582"
                                            }
                                        }
                                    ]
                                },
                                {
                                    "codigo": "7320",
                                    "nombre": "MINISTERIO DEL INTERIOR",
                                    "epigrafe": [
                                        {
                                            "nombre": "Convenios",
                                            "item": {
                                                "identificador": "BOE-A-2025-26583",
                                                "control": "2025\/20418",
                                                "titulo": "Resoluci\u00f3n de 18 de diciembre de 2025, de la Secretar\u00eda General T\u00e9cnica, por la que se publica Adenda de pr\u00f3rroga del Convenio con la Confederaci\u00f3n Plena Inclusi\u00f3n Espa\u00f1a, para promover la accesibilidad cognitiva de los procesos electorales.",
                                                "url_pdf": {
                                                    "szBytes": "203741",
                                                    "szKBytes": "199",
                                                    "pagina_inicial": "174990",
                                                    "pagina_final": "174992",
                                                    "texto": "https:\/\/www.boe.es\/boe\/dias\/2025\/12\/25\/pdfs\/BOE-A-2025-26583.pdf"
                                                },
                                                "url_html": "https:\/\/www.boe.es\/diario_boe\/txt.php?id=BOE-A-2025-26583",
                                                "url_xml": "https:\/\/www.boe.es\/diario_boe\/xml.php?id=BOE-A-2025-26583"
                                            }
                                        }
                                    ]
                                },
                                {
                                    "codigo": "9590",
                                    "nombre": "MINISTERIO DE EDUCACI\u00d3N, FORMACI\u00d3N PROFESIONAL Y DEPORTES",
                                    "epigrafe": [
                                        {
                                            "nombre": "Convenios",
                                            "item": [
                                                {
                                                    "identificador": "BOE-A-2025-26584",
                                                    "control": "2025\/20420",
                                                    "titulo": "Resoluci\u00f3n de 18 de diciembre de 2025, de la Secretar\u00eda General T\u00e9cnica, por la que se publica el Convenio con Colegio La Salle-El Carmen, para el desarrollo de estancias formativas del Instituto de Educaci\u00f3n Secundaria Leopoldo Queipo de Melilla.",
                                                    "url_pdf": {
                                                        "szBytes": "250481",
                                                        "szKBytes": "245",
                                                        "pagina_inicial": "174993",
                                                        "pagina_final": "175001",
                                                        "texto": "https:\/\/www.boe.es\/boe\/dias\/2025\/12\/25\/pdfs\/BOE-A-2025-26584.pdf"
                                                    },
                                                    "url_html": "https:\/\/www.boe.es\/diario_boe\/txt.php?id=BOE-A-2025-26584",
                                                    "url_xml": "https:\/\/www.boe.es\/diario_boe\/xml.php?id=BOE-A-2025-26584"
                                                },
                                                {
                                                    "identificador": "BOE-A-2025-26585",
                                                    "control": "2025\/20318",
                                                    "titulo": "Resoluci\u00f3n de 19 de diciembre de 2025, de la Secretar\u00eda General T\u00e9cnica, por la que se publica el Convenio con Autoservicio y Repuestos Taxi, SCL, para el desarrollo de estancias formativas del Instituto de Educaci\u00f3n Secundaria Almina de Ceuta.",
                                                    "url_pdf": {
                                                        "szBytes": "247814",
                                                        "szKBytes": "242",
                                                        "pagina_inicial": "175002",
                                                        "pagina_final": "175010",
                                                        "texto": "https:\/\/www.boe.es\/boe\/dias\/2025\/12\/25\/pdfs\/BOE-A-2025-26585.pdf"
                                                    },
                                                    "url_html": "https:\/\/www.boe.es\/diario_boe\/txt.php?id=BOE-A-2025-26585",
                                                    "url_xml": "https:\/\/www.boe.es\/diario_boe\/xml.php?id=BOE-A-2025-26585"
                                                }
                                            ]
                                        }
                                    ]
                                },
                                {
                                    "codigo": "9575",
                                    "nombre": "MINISTERIO PARA LA TRANSICI\u00d3N ECOL\u00d3GICA Y EL RETO DEMOGR\u00c1FICO",
                                    "epigrafe": [
                                        {
                                            "nombre": "Especies amenazadas de la fauna y flora silvestres",
                                            "item": {
                                                "identificador": "BOE-A-2025-26586",
                                                "control": "2025\/20327",
                                                "titulo": "Resoluci\u00f3n de 16 de diciembre de 2025, de la Direcci\u00f3n General de Biodiversidad, Bosques y Desertificaci\u00f3n, por la que se modifica la de 27 de octubre de 2025, sobre el establecimiento de cuotas para la introducci\u00f3n desde aguas internacionales e importaci\u00f3n de tibur\u00f3n marrajo dientuso (\u00abIsurus oxyrinchus\u00bb) capturado por la flota espa\u00f1ola en el a\u00f1o 2025, en el \u00e1mbito del Reglamento (CE) 338\/97 del Consejo, de 9 de diciembre de 1996, relativo a la protecci\u00f3n de especies de fauna y flora silvestres mediante el control de su comercio.",
                                                "url_pdf": {
                                                    "szBytes": "295475",
                                                    "szKBytes": "289",
                                                    "pagina_inicial": "175011",
                                                    "pagina_final": "175015",
                                                    "texto": "https:\/\/www.boe.es\/boe\/dias\/2025\/12\/25\/pdfs\/BOE-A-2025-26586.pdf"
                                                },
                                                "url_html": "https:\/\/www.boe.es\/diario_boe\/txt.php?id=BOE-A-2025-26586",
                                                "url_xml": "https:\/\/www.boe.es\/diario_boe\/xml.php?id=BOE-A-2025-26586"
                                            }
                                        },
                                        {
                                            "nombre": "Instalaciones el\u00e9ctricas",
                                            "item": [
                                                {
                                                    "identificador": "BOE-A-2025-26587",
                                                    "control": "2025\/20153",
                                                    "titulo": "Resoluci\u00f3n de 14 de diciembre de 2025, de la Direcci\u00f3n General de Pol\u00edtica Energ\u00e9tica y Minas, por la que se otorga a Grupotec SPV 19, SL, autorizaci\u00f3n administrativa previa y autorizaci\u00f3n administrativa de construcci\u00f3n de las modificaciones de la instalaci\u00f3n fotovoltaica FV Herrera Solar 1, de 50,1 MW de potencia instalada y sus infraestructuras de evacuaci\u00f3n, en P\u00e1ramo de Boedo y Herrera de Pisuerga (Palencia), y se declara, en concreto, su utilidad p\u00fablica.",
                                                    "url_pdf": {
                                                        "szBytes": "255476",
                                                        "szKBytes": "249",
                                                        "pagina_inicial": "175016",
                                                        "pagina_final": "175022",
                                                        "texto": "https:\/\/www.boe.es\/boe\/dias\/2025\/12\/25\/pdfs\/BOE-A-2025-26587.pdf"
                                                    },
                                                    "url_html": "https:\/\/www.boe.es\/diario_boe\/txt.php?id=BOE-A-2025-26587",
                                                    "url_xml": "https:\/\/www.boe.es\/diario_boe\/xml.php?id=BOE-A-2025-26587"
                                                },
                                                {
                                                    "identificador": "BOE-A-2025-26588",
                                                    "control": "2025\/20152",
                                                    "titulo": "Resoluci\u00f3n de 11 de diciembre de 2025, de la Direcci\u00f3n General de Pol\u00edtica Energ\u00e9tica y Minas, por la que se corrigen errores en la de 14 de noviembre de 2025, por la que se otorga a Solaria Promoci\u00f3n y Desarrollo Fotovoltaico, SLU, autorizaci\u00f3n administrativa previa, autorizaci\u00f3n administrativa de construcci\u00f3n y declaraci\u00f3n, en concreto, de la utilidad p\u00fablica de la l\u00ednea el\u00e9ctrica a\u00e9reo-subterr\u00e1nea a 220 kV \u00abSET La Vid 220\/30 kV-SET El Carrascal 400\/220 kV\u00bb, y del recinto de medida 400 kV, as\u00ed como declaraci\u00f3n, en concreto, de utilidad p\u00fablica de la l\u00ednea el\u00e9ctrica a\u00e9rea a 400 kV \u00abSET El Carrascal 400\/220 kV-RM Garo\u00f1a\u00bb y de la subestaci\u00f3n \u00abSET El Carrascal 400\/220 kV\u00bb, que forman parte de la infraestructura de evacuaci\u00f3n de la instalaci\u00f3n fotovoltaica \u00abAgrupaci\u00f3n Maira Beta\u00bb, de 140,127 MW de potencia instalada (Burgos).",
                                                    "url_pdf": {
                                                        "szBytes": "198254",
                                                        "szKBytes": "194",
                                                        "pagina_inicial": "175023",
                                                        "pagina_final": "175024",
                                                        "texto": "https:\/\/www.boe.es\/boe\/dias\/2025\/12\/25\/pdfs\/BOE-A-2025-26588.pdf"
                                                    },
                                                    "url_html": "https:\/\/www.boe.es\/diario_boe\/txt.php?id=BOE-A-2025-26588",
                                                    "url_xml": "https:\/\/www.boe.es\/diario_boe\/xml.php?id=BOE-A-2025-26588"
                                                }
                                            ]
                                        }
                                    ]
                                },
                                {
                                    "codigo": "9589",
                                    "nombre": "MINISTERIO DE ECONOM\u00cdA, COMERCIO Y EMPRESA",
                                    "epigrafe": [
                                        {
                                            "nombre": "Condecoraciones",
                                            "item": [
                                                {
                                                    "identificador": "BOE-A-2025-26589",
                                                    "control": "2025\/20020",
                                                    "titulo": "Orden ECM\/1515\/2025, de 15 de diciembre, por la que se concede la Placa al M\u00e9rito en el Comercio a Creaciones Arom\u00e1ticas, SA.",
                                                    "url_pdf": {
                                                        "szBytes": "189192",
                                                        "szKBytes": "185",
                                                        "pagina_inicial": "175025",
                                                        "pagina_final": "175025",
                                                        "texto": "https:\/\/www.boe.es\/boe\/dias\/2025\/12\/25\/pdfs\/BOE-A-2025-26589.pdf"
                                                    },
                                                    "url_html": "https:\/\/www.boe.es\/diario_boe\/txt.php?id=BOE-A-2025-26589",
                                                    "url_xml": "https:\/\/www.boe.es\/diario_boe\/xml.php?id=BOE-A-2025-26589"
                                                },
                                                {
                                                    "identificador": "BOE-A-2025-26590",
                                                    "control": "2025\/20022",
                                                    "titulo": "Orden ECM\/1516\/2025, de 15 de diciembre, por la que se concede la Placa al M\u00e9rito en el Comercio a Oficina Pateco Comercio y Territorio.",
                                                    "url_pdf": {
                                                        "szBytes": "189216",
                                                        "szKBytes": "185",
                                                        "pagina_inicial": "175026",
                                                        "pagina_final": "175026",
                                                        "texto": "https:\/\/www.boe.es\/boe\/dias\/2025\/12\/25\/pdfs\/BOE-A-2025-26590.pdf"
                                                    },
                                                    "url_html": "https:\/\/www.boe.es\/diario_boe\/txt.php?id=BOE-A-2025-26590",
                                                    "url_xml": "https:\/\/www.boe.es\/diario_boe\/xml.php?id=BOE-A-2025-26590"
                                                }
                                            ]
                                        },
                                        {
                                            "nombre": "Convenios",
                                            "item": {
                                                "identificador": "BOE-A-2025-26591",
                                                "control": "2025\/20434",
                                                "titulo": "Resoluci\u00f3n de 12 de diciembre de 2025, de ICEX Espa\u00f1a Exportaci\u00f3n e Inversiones, E.P.E., por la que se publica el Convenio con el Cl\u00faster de la Maquinaria Agr\u00edcola de Arag\u00f3n, para la organizaci\u00f3n de una extensi\u00f3n de misi\u00f3n inversa de compradores y\/o prescriptores de opini\u00f3n del sector de la tecnolog\u00eda agr\u00edcola a celebrar en Arag\u00f3n, Espa\u00f1a.",
                                                "url_pdf": {
                                                    "szBytes": "287392",
                                                    "szKBytes": "281",
                                                    "pagina_inicial": "175027",
                                                    "pagina_final": "175039",
                                                    "texto": "https:\/\/www.boe.es\/boe\/dias\/2025\/12\/25\/pdfs\/BOE-A-2025-26591.pdf"
                                                },
                                                "url_html": "https:\/\/www.boe.es\/diario_boe\/txt.php?id=BOE-A-2025-26591",
                                                "url_xml": "https:\/\/www.boe.es\/diario_boe\/xml.php?id=BOE-A-2025-26591"
                                            }
                                        },
                                        {
                                            "nombre": "Deuda del Estado",
                                            "item": {
                                                "identificador": "BOE-A-2025-26592",
                                                "control": "2025\/20160",
                                                "titulo": "Resoluci\u00f3n de 16 de diciembre de 2025, de la Secretar\u00eda General del Tesoro y Financiaci\u00f3n Internacional, por la que se publica el tipo de inter\u00e9s efectivo anual para el primer trimestre natural del a\u00f1o 2026, a efectos de calificar tributariamente a determinados activos financieros.",
                                                "url_pdf": {
                                                    "szBytes": "199731",
                                                    "szKBytes": "195",
                                                    "pagina_inicial": "175040",
                                                    "pagina_final": "175040",
                                                    "texto": "https:\/\/www.boe.es\/boe\/dias\/2025\/12\/25\/pdfs\/BOE-A-2025-26592.pdf"
                                                },
                                                "url_html": "https:\/\/www.boe.es\/diario_boe\/txt.php?id=BOE-A-2025-26592",
                                                "url_xml": "https:\/\/www.boe.es\/diario_boe\/xml.php?id=BOE-A-2025-26592"
                                            }
                                        }
                                    ]
                                },
                                {
                                    "codigo": "9565",
                                    "nombre": "MINISTERIO DE CIENCIA, INNOVACI\u00d3N Y UNIVERSIDADES",
                                    "epigrafe": [
                                        {
                                            "nombre": "Comunidad Foral de Navarra. Convenio",
                                            "item": {
                                                "identificador": "BOE-A-2025-26593",
                                                "control": "2025\/20437",
                                                "titulo": "Resoluci\u00f3n de 12 de diciembre de 2025, de la Secretar\u00eda de Estado de Ciencia, Innovaci\u00f3n y Universidades, por la que se publica la Adenda del Convenio con el Gobierno de Navarra y la Universidad P\u00fablica de Navarra, para la implementaci\u00f3n del Programa de Incorporaci\u00f3n de Talento Docente e Investigador a las Universidades P\u00fablicas Espa\u00f1olas.",
                                                "url_pdf": {
                                                    "szBytes": "220747",
                                                    "szKBytes": "216",
                                                    "pagina_inicial": "175041",
                                                    "pagina_final": "175044",
                                                    "texto": "https:\/\/www.boe.es\/boe\/dias\/2025\/12\/25\/pdfs\/BOE-A-2025-26593.pdf"
                                                },
                                                "url_html": "https:\/\/www.boe.es\/diario_boe\/txt.php?id=BOE-A-2025-26593",
                                                "url_xml": "https:\/\/www.boe.es\/diario_boe\/xml.php?id=BOE-A-2025-26593"
                                            }
                                        }
                                    ]
                                },
                                {
                                    "codigo": "9579",
                                    "nombre": "MINISTERIO DE INCLUSI\u00d3N, SEGURIDAD SOCIAL Y MIGRACIONES",
                                    "epigrafe": [
                                        {
                                            "nombre": "Comunidad Aut\u00f3noma de Cantabria. Convenio",
                                            "item": {
                                                "identificador": "BOE-A-2025-26594",
                                                "control": "2025\/20163",
                                                "titulo": "Resoluci\u00f3n de 16 de diciembre de 2025, de la Secretar\u00eda General T\u00e9cnica, por la que se publica el Convenio entre el Instituto Nacional de la Seguridad Social, el Instituto Social de la Marina y la Comunidad Aut\u00f3noma de Cantabria, en materia estad\u00edstica.",
                                                "url_pdf": {
                                                    "szBytes": "249828",
                                                    "szKBytes": "244",
                                                    "pagina_inicial": "175045",
                                                    "pagina_final": "175054",
                                                    "texto": "https:\/\/www.boe.es\/boe\/dias\/2025\/12\/25\/pdfs\/BOE-A-2025-26594.pdf"
                                                },
                                                "url_html": "https:\/\/www.boe.es\/diario_boe\/txt.php?id=BOE-A-2025-26594",
                                                "url_xml": "https:\/\/www.boe.es\/diario_boe\/xml.php?id=BOE-A-2025-26594"
                                            }
                                        },
                                        {
                                            "nombre": "Recursos",
                                            "item": {
                                                "identificador": "BOE-A-2025-26595",
                                                "control": "2025\/20162",
                                                "titulo": "Resoluci\u00f3n de 12 de diciembre de 2025, de la Subsecretar\u00eda, por la que se emplaza a las personas interesadas en el recurso contencioso-administrativo 849\/2025, interpuesto ante el Tribunal Superior de Justicia de Madrid, Sala de lo Contencioso-Administrativo, Secci\u00f3n Tercera.",
                                                "url_pdf": {
                                                    "szBytes": "191634",
                                                    "szKBytes": "187",
                                                    "pagina_inicial": "175055",
                                                    "pagina_final": "175055",
                                                    "texto": "https:\/\/www.boe.es\/boe\/dias\/2025\/12\/25\/pdfs\/BOE-A-2025-26595.pdf"
                                                },
                                                "url_html": "https:\/\/www.boe.es\/diario_boe\/txt.php?id=BOE-A-2025-26595",
                                                "url_xml": "https:\/\/www.boe.es\/diario_boe\/xml.php?id=BOE-A-2025-26595"
                                            }
                                        }
                                    ]
                                },
                                {
                                    "codigo": "9534",
                                    "nombre": "COMISI\u00d3N NACIONAL DE LOS MERCADOS Y LA COMPETENCIA",
                                    "epigrafe": [
                                        {
                                            "nombre": "Energ\u00eda el\u00e9ctrica. Gas natural",
                                            "item": {
                                                "identificador": "BOE-A-2025-26596",
                                                "control": "2025\/20037",
                                                "titulo": "Resoluci\u00f3n de 15 de diciembre de 2025, de la Comisi\u00f3n Nacional de los Mercados y la Competencia, por la que se corrigen errores en la de 2 de diciembre de 2025, por la que se establece el valor del \u00edndice global de ratios de 2026 y la penalizaci\u00f3n relativa a la prudencia financiera de las empresas que realizan las actividades de transporte y distribuci\u00f3n de energ\u00eda el\u00e9ctrica y las actividades de transporte, regasificaci\u00f3n, almacenamiento subterr\u00e1neo y distribuci\u00f3n de gas natural.",
                                                "url_pdf": {
                                                    "szBytes": "200207",
                                                    "szKBytes": "196",
                                                    "pagina_inicial": "175056",
                                                    "pagina_final": "175056",
                                                    "texto": "https:\/\/www.boe.es\/boe\/dias\/2025\/12\/25\/pdfs\/BOE-A-2025-26596.pdf"
                                                },
                                                "url_html": "https:\/\/www.boe.es\/diario_boe\/txt.php?id=BOE-A-2025-26596",
                                                "url_xml": "https:\/\/www.boe.es\/diario_boe\/xml.php?id=BOE-A-2025-26596"
                                            }
                                        }
                                    ]
                                },
                                {
                                    "codigo": "310",
                                    "nombre": "UNIVERSIDADES",
                                    "epigrafe": [
                                        {
                                            "nombre": "Planes de estudios",
                                            "item": [
                                                {
                                                    "identificador": "BOE-A-2025-26597",
                                                    "control": "2025\/19917",
                                                    "titulo": "Resoluci\u00f3n de 2 de diciembre de 2025, de la Universidad Mondragon Unibertsitatea, por la que se publica la modificaci\u00f3n de planes de estudios Graduado o Graduada y de M\u00e1ster Universitario.",
                                                    "url_pdf": {
                                                        "szBytes": "1569386",
                                                        "szKBytes": "1533",
                                                        "pagina_inicial": "175057",
                                                        "pagina_final": "175107",
                                                        "texto": "https:\/\/www.boe.es\/boe\/dias\/2025\/12\/25\/pdfs\/BOE-A-2025-26597.pdf"
                                                    },
                                                    "url_html": "https:\/\/www.boe.es\/diario_boe\/txt.php?id=BOE-A-2025-26597",
                                                    "url_xml": "https:\/\/www.boe.es\/diario_boe\/xml.php?id=BOE-A-2025-26597"
                                                },
                                                {
                                                    "identificador": "BOE-A-2025-26598",
                                                    "control": "2025\/20039",
                                                    "titulo": "Resoluci\u00f3n de 2 de diciembre de 2025, de la Universidad Rey Juan Carlos, por la que se publica el plan de estudios de Graduado o Graduada en Biolog\u00eda.",
                                                    "url_pdf": {
                                                        "szBytes": "264149",
                                                        "szKBytes": "258",
                                                        "pagina_inicial": "175108",
                                                        "pagina_final": "175110",
                                                        "texto": "https:\/\/www.boe.es\/boe\/dias\/2025\/12\/25\/pdfs\/BOE-A-2025-26598.pdf"
                                                    },
                                                    "url_html": "https:\/\/www.boe.es\/diario_boe\/txt.php?id=BOE-A-2025-26598",
                                                    "url_xml": "https:\/\/www.boe.es\/diario_boe\/xml.php?id=BOE-A-2025-26598"
                                                },
                                                {
                                                    "identificador": "BOE-A-2025-26599",
                                                    "control": "2025\/20040",
                                                    "titulo": "Resoluci\u00f3n de 2 de diciembre de 2025, de la Universidad Rey Juan Carlos, por la que se publica el plan de estudios de Graduado o Graduada en Ciencia y Tecnolog\u00eda del Agua.",
                                                    "url_pdf": {
                                                        "szBytes": "260064",
                                                        "szKBytes": "254",
                                                        "pagina_inicial": "175111",
                                                        "pagina_final": "175113",
                                                        "texto": "https:\/\/www.boe.es\/boe\/dias\/2025\/12\/25\/pdfs\/BOE-A-2025-26599.pdf"
                                                    },
                                                    "url_html": "https:\/\/www.boe.es\/diario_boe\/txt.php?id=BOE-A-2025-26599",
                                                    "url_xml": "https:\/\/www.boe.es\/diario_boe\/xml.php?id=BOE-A-2025-26599"
                                                },
                                                {
                                                    "identificador": "BOE-A-2025-26600",
                                                    "control": "2025\/20041",
                                                    "titulo": "Resoluci\u00f3n de 2 de diciembre de 2025, de la Universidad Rey Juan Carlos, por la que se publica el plan de estudios de Graduado o Graduada en Gastronom\u00eda.",
                                                    "url_pdf": {
                                                        "szBytes": "265049",
                                                        "szKBytes": "259",
                                                        "pagina_inicial": "175114",
                                                        "pagina_final": "175116",
                                                        "texto": "https:\/\/www.boe.es\/boe\/dias\/2025\/12\/25\/pdfs\/BOE-A-2025-26600.pdf"
                                                    },
                                                    "url_html": "https:\/\/www.boe.es\/diario_boe\/txt.php?id=BOE-A-2025-26600",
                                                    "url_xml": "https:\/\/www.boe.es\/diario_boe\/xml.php?id=BOE-A-2025-26600"
                                                },
                                                {
                                                    "identificador": "BOE-A-2025-26601",
                                                    "control": "2025\/20042",
                                                    "titulo": "Resoluci\u00f3n de 2 de diciembre de 2025, de la Universidad Rey Juan Carlos, por la que se publica el plan de estudios de Graduado o Graduada en Ingenier\u00eda Aeroespacial.",
                                                    "url_pdf": {
                                                        "szBytes": "344672",
                                                        "szKBytes": "337",
                                                        "pagina_inicial": "175117",
                                                        "pagina_final": "175122",
                                                        "texto": "https:\/\/www.boe.es\/boe\/dias\/2025\/12\/25\/pdfs\/BOE-A-2025-26601.pdf"
                                                    },
                                                    "url_html": "https:\/\/www.boe.es\/diario_boe\/txt.php?id=BOE-A-2025-26601",
                                                    "url_xml": "https:\/\/www.boe.es\/diario_boe\/xml.php?id=BOE-A-2025-26601"
                                                },
                                                {
                                                    "identificador": "BOE-A-2025-26602",
                                                    "control": "2025\/20045",
                                                    "titulo": "Resoluci\u00f3n de 2 de diciembre de 2025, de la Universidad Rey Juan Carlos, por la que se publica el plan de estudios de Graduado o Graduada en Ingenier\u00eda en Tecnolog\u00edas de Telecomunicaci\u00f3n.",
                                                    "url_pdf": {
                                                        "szBytes": "320876",
                                                        "szKBytes": "313",
                                                        "pagina_inicial": "175123",
                                                        "pagina_final": "175127",
                                                        "texto": "https:\/\/www.boe.es\/boe\/dias\/2025\/12\/25\/pdfs\/BOE-A-2025-26602.pdf"
                                                    },
                                                    "url_html": "https:\/\/www.boe.es\/diario_boe\/txt.php?id=BOE-A-2025-26602",
                                                    "url_xml": "https:\/\/www.boe.es\/diario_boe\/xml.php?id=BOE-A-2025-26602"
                                                },
                                                {
                                                    "identificador": "BOE-A-2025-26603",
                                                    "control": "2025\/19918",
                                                    "titulo": "Resoluci\u00f3n de 10 de diciembre de 2025, de la Universidad de Las Palmas de Gran Canaria, por la que se publica el plan de estudios de M\u00e1ster Universitario en Turismo y Desarrollo Sostenible\/Master in Tourism and Sustainable Development.",
                                                    "url_pdf": {
                                                        "szBytes": "244890",
                                                        "szKBytes": "239",
                                                        "pagina_inicial": "175128",
                                                        "pagina_final": "175129",
                                                        "texto": "https:\/\/www.boe.es\/boe\/dias\/2025\/12\/25\/pdfs\/BOE-A-2025-26603.pdf"
                                                    },
                                                    "url_html": "https:\/\/www.boe.es\/diario_boe\/txt.php?id=BOE-A-2025-26603",
                                                    "url_xml": "https:\/\/www.boe.es\/diario_boe\/xml.php?id=BOE-A-2025-26603"
                                                },
                                                {
                                                    "identificador": "BOE-A-2025-26604",
                                                    "control": "2025\/19919",
                                                    "titulo": "Resoluci\u00f3n de 12 de diciembre de 2025, de la Universidad de Almer\u00eda, por la que se publica el plan de estudios de M\u00e1ster Universitario en Atenci\u00f3n Temprana: Prevenci\u00f3n y Promoci\u00f3n del Desarrollo Infantil.",
                                                    "url_pdf": {
                                                        "szBytes": "232910",
                                                        "szKBytes": "227",
                                                        "pagina_inicial": "175130",
                                                        "pagina_final": "175132",
                                                        "texto": "https:\/\/www.boe.es\/boe\/dias\/2025\/12\/25\/pdfs\/BOE-A-2025-26604.pdf"
                                                    },
                                                    "url_html": "https:\/\/www.boe.es\/diario_boe\/txt.php?id=BOE-A-2025-26604",
                                                    "url_xml": "https:\/\/www.boe.es\/diario_boe\/xml.php?id=BOE-A-2025-26604"
                                                }
                                            ]
                                        }
                                    ]
                                }
                            ]
                        }
                    ]
                }
            ]
        }
    }
}