{
    "status": {
        "code": "200",
        "text": "ok"
    },
    "data": {
        "sumario": {
            "metadatos": {
                "publicacion": "BOE",
                "fecha_publicacion": "20260106"
            },
            "diario": [
                {
                    "numero": "5",
                    "sumario_diario": {
                        "identificador": "BOE-S-2026-5",
                        "url_pdf": {
                            "szBytes": "245307",
                            "szKBytes": "240",
                            "texto": "https:\/\/www.boe.es\/boe\/dias\/2026\/01\/06\/pdfs\/BOE-S-2026-5.pdf"
                        }
                    },
                    "seccion": [
                        {
                            "codigo": "1",
                            "nombre": "I. Disposiciones generales",
                            "departamento": {
                                "codigo": "9573",
                                "nombre": "MINISTERIO DE TRABAJO Y ECONOM\u00cdA SOCIAL",
                                "texto": {
                                    "epigrafe": [
                                        {
                                            "nombre": "Formaci\u00f3n profesional para el empleo",
                                            "item": {
                                                "identificador": "BOE-A-2026-326",
                                                "control": "2026\/1",
                                                "titulo": "Orden TES\/1582\/2025, de 30 de diciembre, por la que se modifica la Orden TMS\/368\/2019, de 28 de marzo, por la que se desarrolla el Real Decreto 694\/2017, de 3 de julio, por el que se desarrolla la Ley 30\/2015, de 9 de septiembre, por la que se regula el Sistema de Formaci\u00f3n Profesional para el Empleo en el \u00e1mbito laboral, en relaci\u00f3n con la oferta formativa de las administraciones competentes y su financiaci\u00f3n, y se establecen las bases reguladoras para la concesi\u00f3n de subvenciones p\u00fablicas destinadas a su financiaci\u00f3n.",
                                                "url_pdf": {
                                                    "szBytes": "216791",
                                                    "szKBytes": "212",
                                                    "pagina_inicial": "1780",
                                                    "pagina_final": "1784",
                                                    "texto": "https:\/\/www.boe.es\/boe\/dias\/2026\/01\/06\/pdfs\/BOE-A-2026-326.pdf"
                                                },
                                                "url_html": "https:\/\/www.boe.es\/diario_boe\/txt.php?id=BOE-A-2026-326",
                                                "url_xml": "https:\/\/www.boe.es\/diario_boe\/xml.php?id=BOE-A-2026-326"
                                            }
                                        }
                                    ]
                                }
                            }
                        },
                        {
                            "codigo": "2A",
                            "nombre": "II. Autoridades y personal. - A. Nombramientos, situaciones e incidencias",
                            "departamento": [
                                {
                                    "codigo": "9575",
                                    "nombre": "MINISTERIO PARA LA TRANSICI\u00d3N ECOL\u00d3GICA Y EL RETO DEMOGR\u00c1FICO",
                                    "epigrafe": [
                                        {
                                            "nombre": "Destinos",
                                            "item": {
                                                "identificador": "BOE-A-2026-327",
                                                "control": "2025\/21057",
                                                "titulo": "Resoluci\u00f3n de 23 de diciembre de 2025, de la Subsecretar\u00eda, por la que se resuelve la convocatoria de libre designaci\u00f3n, efectuada por Resoluci\u00f3n de 24 de octubre de 2025.",
                                                "url_pdf": {
                                                    "szBytes": "207242",
                                                    "szKBytes": "202",
                                                    "pagina_inicial": "1785",
                                                    "pagina_final": "1786",
                                                    "texto": "https:\/\/www.boe.es\/boe\/dias\/2026\/01\/06\/pdfs\/BOE-A-2026-327.pdf"
                                                },
                                                "url_html": "https:\/\/www.boe.es\/diario_boe\/txt.php?id=BOE-A-2026-327",
                                                "url_xml": "https:\/\/www.boe.es\/diario_boe\/xml.php?id=BOE-A-2026-327"
                                            }
                                        }
                                    ]
                                },
                                {
                                    "codigo": "9595",
                                    "nombre": "MINISTERIO PARA LA TRANSFORMACI\u00d3N DIGITAL Y DE LA FUNCI\u00d3N P\u00daBLICA",
                                    "epigrafe": [
                                        {
                                            "nombre": "Ceses",
                                            "item": {
                                                "identificador": "BOE-A-2026-328",
                                                "control": "2025\/20986",
                                                "titulo": "Resoluci\u00f3n de 24 de diciembre de 2025, de la Secretar\u00eda de Estado de Digitalizaci\u00f3n e Inteligencia Artificial, por la que se publica el Acuerdo del Consejo Rector por el que se dispone el cese de don Ignacio Belda Reig como Director de la Agencia Espa\u00f1ola de Supervisi\u00f3n de Inteligencia Artificial.",
                                                "url_pdf": {
                                                    "szBytes": "191597",
                                                    "szKBytes": "187",
                                                    "pagina_inicial": "1787",
                                                    "pagina_final": "1787",
                                                    "texto": "https:\/\/www.boe.es\/boe\/dias\/2026\/01\/06\/pdfs\/BOE-A-2026-328.pdf"
                                                },
                                                "url_html": "https:\/\/www.boe.es\/diario_boe\/txt.php?id=BOE-A-2026-328",
                                                "url_xml": "https:\/\/www.boe.es\/diario_boe\/xml.php?id=BOE-A-2026-328"
                                            }
                                        }
                                    ]
                                }
                            ]
                        },
                        {
                            "codigo": "2B",
                            "nombre": "II. Autoridades y personal. - B. Oposiciones y concursos",
                            "departamento": [
                                {
                                    "codigo": "1840",
                                    "nombre": "CONSEJO DE SEGURIDAD NUCLEAR",
                                    "epigrafe": [
                                        {
                                            "nombre": "Personal laboral",
                                            "item": {
                                                "identificador": "BOE-A-2026-329",
                                                "control": "2025\/20910",
                                                "titulo": "Resoluci\u00f3n de 23 de diciembre de 2025, del Consejo de Seguridad Nuclear, por la que se convoca proceso selectivo para ingreso, por el sistema general de acceso libre, como personal laboral fijo fuera de convenio, con la categor\u00eda de Responsable del Servicio M\u00e9dico.",
                                                "url_pdf": {
                                                    "szBytes": "270692",
                                                    "szKBytes": "264",
                                                    "pagina_inicial": "1788",
                                                    "pagina_final": "1800",
                                                    "texto": "https:\/\/www.boe.es\/boe\/dias\/2026\/01\/06\/pdfs\/BOE-A-2026-329.pdf"
                                                },
                                                "url_html": "https:\/\/www.boe.es\/diario_boe\/txt.php?id=BOE-A-2026-329",
                                                "url_xml": "https:\/\/www.boe.es\/diario_boe\/xml.php?id=BOE-A-2026-329"
                                            }
                                        }
                                    ]
                                },
                                {
                                    "codigo": "9525",
                                    "nombre": "ADMINISTRACI\u00d3N LOCAL",
                                    "epigrafe": [
                                        {
                                            "nombre": "Personal funcionario y laboral",
                                            "item": [
                                                {
                                                    "identificador": "BOE-A-2026-330",
                                                    "control": "2026\/100016",
                                                    "titulo": "Resoluci\u00f3n de 22 de diciembre de 2025, del Ayuntamiento de Utiel (Valencia\/Val\u00e8ncia), referente a la convocatoria para proveer una plaza.",
                                                    "url_pdf": {
                                                        "szBytes": "190742",
                                                        "szKBytes": "186",
                                                        "pagina_inicial": "1801",
                                                        "pagina_final": "1801",
                                                        "texto": "https:\/\/www.boe.es\/boe\/dias\/2026\/01\/06\/pdfs\/BOE-A-2026-330.pdf"
                                                    },
                                                    "url_html": "https:\/\/www.boe.es\/diario_boe\/txt.php?id=BOE-A-2026-330",
                                                    "url_xml": "https:\/\/www.boe.es\/diario_boe\/xml.php?id=BOE-A-2026-330"
                                                },
                                                {
                                                    "identificador": "BOE-A-2026-331",
                                                    "control": "2026\/100017",
                                                    "titulo": "Resoluci\u00f3n de 23 de diciembre de 2025, del Ayuntamiento de El Masnou (Barcelona), referente a la convocatoria para proveer una plaza.",
                                                    "url_pdf": {
                                                        "szBytes": "190204",
                                                        "szKBytes": "186",
                                                        "pagina_inicial": "1802",
                                                        "pagina_final": "1802",
                                                        "texto": "https:\/\/www.boe.es\/boe\/dias\/2026\/01\/06\/pdfs\/BOE-A-2026-331.pdf"
                                                    },
                                                    "url_html": "https:\/\/www.boe.es\/diario_boe\/txt.php?id=BOE-A-2026-331",
                                                    "url_xml": "https:\/\/www.boe.es\/diario_boe\/xml.php?id=BOE-A-2026-331"
                                                },
                                                {
                                                    "identificador": "BOE-A-2026-332",
                                                    "control": "2025\/106534",
                                                    "titulo": "Resoluci\u00f3n de 29 de diciembre de 2025, del Ayuntamiento de Guardamar del Segura (Alicante\/Alacant), referente a la convocatoria para proveer varias plazas.",
                                                    "url_pdf": {
                                                        "szBytes": "191760",
                                                        "szKBytes": "187",
                                                        "pagina_inicial": "1803",
                                                        "pagina_final": "1803",
                                                        "texto": "https:\/\/www.boe.es\/boe\/dias\/2026\/01\/06\/pdfs\/BOE-A-2026-332.pdf"
                                                    },
                                                    "url_html": "https:\/\/www.boe.es\/diario_boe\/txt.php?id=BOE-A-2026-332",
                                                    "url_xml": "https:\/\/www.boe.es\/diario_boe\/xml.php?id=BOE-A-2026-332"
                                                },
                                                {
                                                    "identificador": "BOE-A-2026-333",
                                                    "control": "2026\/100010",
                                                    "titulo": "Resoluci\u00f3n de 29 de diciembre de 2025, del Ayuntamiento de Oliva de la Frontera (Badajoz), referente a la convocatoria para proveer una plaza.",
                                                    "url_pdf": {
                                                        "szBytes": "190894",
                                                        "szKBytes": "186",
                                                        "pagina_inicial": "1804",
                                                        "pagina_final": "1804",
                                                        "texto": "https:\/\/www.boe.es\/boe\/dias\/2026\/01\/06\/pdfs\/BOE-A-2026-333.pdf"
                                                    },
                                                    "url_html": "https:\/\/www.boe.es\/diario_boe\/txt.php?id=BOE-A-2026-333",
                                                    "url_xml": "https:\/\/www.boe.es\/diario_boe\/xml.php?id=BOE-A-2026-333"
                                                },
                                                {
                                                    "identificador": "BOE-A-2026-334",
                                                    "control": "2026\/100001",
                                                    "titulo": "Resoluci\u00f3n de 30 de diciembre de 2025, del Ayuntamiento de Guardamar del Segura (Alicante\/Alacant), referente a la convocatoria para proveer una plaza.",
                                                    "url_pdf": {
                                                        "szBytes": "190905",
                                                        "szKBytes": "186",
                                                        "pagina_inicial": "1805",
                                                        "pagina_final": "1805",
                                                        "texto": "https:\/\/www.boe.es\/boe\/dias\/2026\/01\/06\/pdfs\/BOE-A-2026-334.pdf"
                                                    },
                                                    "url_html": "https:\/\/www.boe.es\/diario_boe\/txt.php?id=BOE-A-2026-334",
                                                    "url_xml": "https:\/\/www.boe.es\/diario_boe\/xml.php?id=BOE-A-2026-334"
                                                },
                                                {
                                                    "identificador": "BOE-A-2026-335",
                                                    "control": "2026\/100002",
                                                    "titulo": "Resoluci\u00f3n de 30 de diciembre de 2025, del Ayuntamiento de Guarrom\u00e1n (Ja\u00e9n), referente a la convocatoria para proveer una plaza.",
                                                    "url_pdf": {
                                                        "szBytes": "190821",
                                                        "szKBytes": "186",
                                                        "pagina_inicial": "1806",
                                                        "pagina_final": "1806",
                                                        "texto": "https:\/\/www.boe.es\/boe\/dias\/2026\/01\/06\/pdfs\/BOE-A-2026-335.pdf"
                                                    },
                                                    "url_html": "https:\/\/www.boe.es\/diario_boe\/txt.php?id=BOE-A-2026-335",
                                                    "url_xml": "https:\/\/www.boe.es\/diario_boe\/xml.php?id=BOE-A-2026-335"
                                                },
                                                {
                                                    "identificador": "BOE-A-2026-336",
                                                    "control": "2026\/100003",
                                                    "titulo": "Resoluci\u00f3n de 30 de diciembre de 2025, del Ayuntamiento de Sollana (Valencia\/Val\u00e8ncia), referente a la convocatoria para proveer una plaza.",
                                                    "url_pdf": {
                                                        "szBytes": "191047",
                                                        "szKBytes": "187",
                                                        "pagina_inicial": "1807",
                                                        "pagina_final": "1807",
                                                        "texto": "https:\/\/www.boe.es\/boe\/dias\/2026\/01\/06\/pdfs\/BOE-A-2026-336.pdf"
                                                    },
                                                    "url_html": "https:\/\/www.boe.es\/diario_boe\/txt.php?id=BOE-A-2026-336",
                                                    "url_xml": "https:\/\/www.boe.es\/diario_boe\/xml.php?id=BOE-A-2026-336"
                                                },
                                                {
                                                    "identificador": "BOE-A-2026-337",
                                                    "control": "2026\/100004",
                                                    "titulo": "Resoluci\u00f3n de 30 de diciembre de 2025, del Ayuntamiento de Alg\u00edmia d'Alfara (Valencia\/Val\u00e8ncia), referente a la convocatoria para proveer una plaza.",
                                                    "url_pdf": {
                                                        "szBytes": "190423",
                                                        "szKBytes": "186",
                                                        "pagina_inicial": "1808",
                                                        "pagina_final": "1808",
                                                        "texto": "https:\/\/www.boe.es\/boe\/dias\/2026\/01\/06\/pdfs\/BOE-A-2026-337.pdf"
                                                    },
                                                    "url_html": "https:\/\/www.boe.es\/diario_boe\/txt.php?id=BOE-A-2026-337",
                                                    "url_xml": "https:\/\/www.boe.es\/diario_boe\/xml.php?id=BOE-A-2026-337"
                                                },
                                                {
                                                    "identificador": "BOE-A-2026-338",
                                                    "control": "2026\/100005",
                                                    "titulo": "Resoluci\u00f3n de 30 de diciembre de 2025, del Ayuntamiento de Elche de la Sierra (Albacete), referente a la convocatoria para proveer varias plazas.",
                                                    "url_pdf": {
                                                        "szBytes": "190243",
                                                        "szKBytes": "186",
                                                        "pagina_inicial": "1809",
                                                        "pagina_final": "1809",
                                                        "texto": "https:\/\/www.boe.es\/boe\/dias\/2026\/01\/06\/pdfs\/BOE-A-2026-338.pdf"
                                                    },
                                                    "url_html": "https:\/\/www.boe.es\/diario_boe\/txt.php?id=BOE-A-2026-338",
                                                    "url_xml": "https:\/\/www.boe.es\/diario_boe\/xml.php?id=BOE-A-2026-338"
                                                },
                                                {
                                                    "identificador": "BOE-A-2026-339",
                                                    "control": "2026\/100006",
                                                    "titulo": "Resoluci\u00f3n de 30 de diciembre de 2025, del Ayuntamiento de Elche de la Sierra (Albacete), referente a la convocatoria para proveer una plaza.",
                                                    "url_pdf": {
                                                        "szBytes": "190094",
                                                        "szKBytes": "186",
                                                        "pagina_inicial": "1810",
                                                        "pagina_final": "1810",
                                                        "texto": "https:\/\/www.boe.es\/boe\/dias\/2026\/01\/06\/pdfs\/BOE-A-2026-339.pdf"
                                                    },
                                                    "url_html": "https:\/\/www.boe.es\/diario_boe\/txt.php?id=BOE-A-2026-339",
                                                    "url_xml": "https:\/\/www.boe.es\/diario_boe\/xml.php?id=BOE-A-2026-339"
                                                },
                                                {
                                                    "identificador": "BOE-A-2026-340",
                                                    "control": "2026\/100007",
                                                    "titulo": "Resoluci\u00f3n de 30 de diciembre de 2025, del Consejo Comarcal del Vall\u00e9s Oriental (Barcelona), referente a la convocatoria para proveer una plaza.",
                                                    "url_pdf": {
                                                        "szBytes": "190337",
                                                        "szKBytes": "186",
                                                        "pagina_inicial": "1811",
                                                        "pagina_final": "1811",
                                                        "texto": "https:\/\/www.boe.es\/boe\/dias\/2026\/01\/06\/pdfs\/BOE-A-2026-340.pdf"
                                                    },
                                                    "url_html": "https:\/\/www.boe.es\/diario_boe\/txt.php?id=BOE-A-2026-340",
                                                    "url_xml": "https:\/\/www.boe.es\/diario_boe\/xml.php?id=BOE-A-2026-340"
                                                },
                                                {
                                                    "identificador": "BOE-A-2026-341",
                                                    "control": "2026\/100008",
                                                    "titulo": "Resoluci\u00f3n de 30 de diciembre de 2025, de la Diputaci\u00f3n Provincial de Badajoz, referente a la convocatoria para proveer varias plazas.",
                                                    "url_pdf": {
                                                        "szBytes": "190088",
                                                        "szKBytes": "186",
                                                        "pagina_inicial": "1812",
                                                        "pagina_final": "1812",
                                                        "texto": "https:\/\/www.boe.es\/boe\/dias\/2026\/01\/06\/pdfs\/BOE-A-2026-341.pdf"
                                                    },
                                                    "url_html": "https:\/\/www.boe.es\/diario_boe\/txt.php?id=BOE-A-2026-341",
                                                    "url_xml": "https:\/\/www.boe.es\/diario_boe\/xml.php?id=BOE-A-2026-341"
                                                },
                                                {
                                                    "identificador": "BOE-A-2026-342",
                                                    "control": "2026\/100009",
                                                    "titulo": "Resoluci\u00f3n de 30 de diciembre de 2025, del Ayuntamiento de Brihuega (Guadalajara), referente a la convocatoria para proveer una plaza.",
                                                    "url_pdf": {
                                                        "szBytes": "190776",
                                                        "szKBytes": "186",
                                                        "pagina_inicial": "1813",
                                                        "pagina_final": "1813",
                                                        "texto": "https:\/\/www.boe.es\/boe\/dias\/2026\/01\/06\/pdfs\/BOE-A-2026-342.pdf"
                                                    },
                                                    "url_html": "https:\/\/www.boe.es\/diario_boe\/txt.php?id=BOE-A-2026-342",
                                                    "url_xml": "https:\/\/www.boe.es\/diario_boe\/xml.php?id=BOE-A-2026-342"
                                                },
                                                {
                                                    "identificador": "BOE-A-2026-343",
                                                    "control": "2026\/100011",
                                                    "titulo": "Resoluci\u00f3n de 30 de diciembre de 2025, de la Diputaci\u00f3n Provincial de Tarragona, referente a la convocatoria para proveer una plaza.",
                                                    "url_pdf": {
                                                        "szBytes": "190659",
                                                        "szKBytes": "186",
                                                        "pagina_inicial": "1814",
                                                        "pagina_final": "1814",
                                                        "texto": "https:\/\/www.boe.es\/boe\/dias\/2026\/01\/06\/pdfs\/BOE-A-2026-343.pdf"
                                                    },
                                                    "url_html": "https:\/\/www.boe.es\/diario_boe\/txt.php?id=BOE-A-2026-343",
                                                    "url_xml": "https:\/\/www.boe.es\/diario_boe\/xml.php?id=BOE-A-2026-343"
                                                },
                                                {
                                                    "identificador": "BOE-A-2026-344",
                                                    "control": "2026\/100012",
                                                    "titulo": "Resoluci\u00f3n de 30 de diciembre de 2025, del Ayuntamiento de Paterna de Rivera (C\u00e1diz), referente a la convocatoria para proveer una plaza.",
                                                    "url_pdf": {
                                                        "szBytes": "190718",
                                                        "szKBytes": "186",
                                                        "pagina_inicial": "1815",
                                                        "pagina_final": "1815",
                                                        "texto": "https:\/\/www.boe.es\/boe\/dias\/2026\/01\/06\/pdfs\/BOE-A-2026-344.pdf"
                                                    },
                                                    "url_html": "https:\/\/www.boe.es\/diario_boe\/txt.php?id=BOE-A-2026-344",
                                                    "url_xml": "https:\/\/www.boe.es\/diario_boe\/xml.php?id=BOE-A-2026-344"
                                                },
                                                {
                                                    "identificador": "BOE-A-2026-345",
                                                    "control": "2026\/100013",
                                                    "titulo": "Resoluci\u00f3n de 30 de diciembre de 2025, del Ayuntamiento de Tona (Barcelona), referente a la convocatoria para proveer una plaza.",
                                                    "url_pdf": {
                                                        "szBytes": "190634",
                                                        "szKBytes": "186",
                                                        "pagina_inicial": "1816",
                                                        "pagina_final": "1816",
                                                        "texto": "https:\/\/www.boe.es\/boe\/dias\/2026\/01\/06\/pdfs\/BOE-A-2026-345.pdf"
                                                    },
                                                    "url_html": "https:\/\/www.boe.es\/diario_boe\/txt.php?id=BOE-A-2026-345",
                                                    "url_xml": "https:\/\/www.boe.es\/diario_boe\/xml.php?id=BOE-A-2026-345"
                                                },
                                                {
                                                    "identificador": "BOE-A-2026-346",
                                                    "control": "2026\/100014",
                                                    "titulo": "Resoluci\u00f3n de 30 de diciembre de 2025, del Ayuntamiento de Arona (Santa Cruz de Tenerife), referente a la convocatoria para proveer varias plazas.",
                                                    "url_pdf": {
                                                        "szBytes": "191898",
                                                        "szKBytes": "187",
                                                        "pagina_inicial": "1817",
                                                        "pagina_final": "1817",
                                                        "texto": "https:\/\/www.boe.es\/boe\/dias\/2026\/01\/06\/pdfs\/BOE-A-2026-346.pdf"
                                                    },
                                                    "url_html": "https:\/\/www.boe.es\/diario_boe\/txt.php?id=BOE-A-2026-346",
                                                    "url_xml": "https:\/\/www.boe.es\/diario_boe\/xml.php?id=BOE-A-2026-346"
                                                },
                                                {
                                                    "identificador": "BOE-A-2026-347",
                                                    "control": "2026\/100015",
                                                    "titulo": "Resoluci\u00f3n de 30 de diciembre de 2025, del Ayuntamiento de Rossell\u00f3 (Lleida), referente a la convocatoria para proveer una plaza.",
                                                    "url_pdf": {
                                                        "szBytes": "190647",
                                                        "szKBytes": "186",
                                                        "pagina_inicial": "1818",
                                                        "pagina_final": "1818",
                                                        "texto": "https:\/\/www.boe.es\/boe\/dias\/2026\/01\/06\/pdfs\/BOE-A-2026-347.pdf"
                                                    },
                                                    "url_html": "https:\/\/www.boe.es\/diario_boe\/txt.php?id=BOE-A-2026-347",
                                                    "url_xml": "https:\/\/www.boe.es\/diario_boe\/xml.php?id=BOE-A-2026-347"
                                                },
                                                {
                                                    "identificador": "BOE-A-2026-348",
                                                    "control": "2026\/100018",
                                                    "titulo": "Resoluci\u00f3n de 30 de diciembre de 2025, del Ayuntamiento de Ferrol (A Coru\u00f1a), referente a la convocatoria para proveer varias plazas.",
                                                    "url_pdf": {
                                                        "szBytes": "191370",
                                                        "szKBytes": "187",
                                                        "pagina_inicial": "1819",
                                                        "pagina_final": "1819",
                                                        "texto": "https:\/\/www.boe.es\/boe\/dias\/2026\/01\/06\/pdfs\/BOE-A-2026-348.pdf"
                                                    },
                                                    "url_html": "https:\/\/www.boe.es\/diario_boe\/txt.php?id=BOE-A-2026-348",
                                                    "url_xml": "https:\/\/www.boe.es\/diario_boe\/xml.php?id=BOE-A-2026-348"
                                                },
                                                {
                                                    "identificador": "BOE-A-2026-349",
                                                    "control": "2026\/100019",
                                                    "titulo": "Resoluci\u00f3n de 30 de diciembre de 2025, del Ayuntamiento de Catral (Alicante\/Alacant), referente a la convocatoria para proveer varias plazas.",
                                                    "url_pdf": {
                                                        "szBytes": "190578",
                                                        "szKBytes": "186",
                                                        "pagina_inicial": "1820",
                                                        "pagina_final": "1820",
                                                        "texto": "https:\/\/www.boe.es\/boe\/dias\/2026\/01\/06\/pdfs\/BOE-A-2026-349.pdf"
                                                    },
                                                    "url_html": "https:\/\/www.boe.es\/diario_boe\/txt.php?id=BOE-A-2026-349",
                                                    "url_xml": "https:\/\/www.boe.es\/diario_boe\/xml.php?id=BOE-A-2026-349"
                                                },
                                                {
                                                    "identificador": "BOE-A-2026-350",
                                                    "control": "2026\/100020",
                                                    "titulo": "Resoluci\u00f3n de 30 de diciembre de 2025, del Ayuntamiento de Valladolid, referente a la convocatoria para proveer varias plazas.",
                                                    "url_pdf": {
                                                        "szBytes": "189791",
                                                        "szKBytes": "185",
                                                        "pagina_inicial": "1821",
                                                        "pagina_final": "1821",
                                                        "texto": "https:\/\/www.boe.es\/boe\/dias\/2026\/01\/06\/pdfs\/BOE-A-2026-350.pdf"
                                                    },
                                                    "url_html": "https:\/\/www.boe.es\/diario_boe\/txt.php?id=BOE-A-2026-350",
                                                    "url_xml": "https:\/\/www.boe.es\/diario_boe\/xml.php?id=BOE-A-2026-350"
                                                },
                                                {
                                                    "identificador": "BOE-A-2026-351",
                                                    "control": "2026\/100021",
                                                    "titulo": "Resoluci\u00f3n de 30 de diciembre de 2025, del Ayuntamiento de Sant Fruit\u00f3s de Bages (Barcelona), referente a la convocatoria para proveer varias plazas.",
                                                    "url_pdf": {
                                                        "szBytes": "191032",
                                                        "szKBytes": "187",
                                                        "pagina_inicial": "1822",
                                                        "pagina_final": "1822",
                                                        "texto": "https:\/\/www.boe.es\/boe\/dias\/2026\/01\/06\/pdfs\/BOE-A-2026-351.pdf"
                                                    },
                                                    "url_html": "https:\/\/www.boe.es\/diario_boe\/txt.php?id=BOE-A-2026-351",
                                                    "url_xml": "https:\/\/www.boe.es\/diario_boe\/xml.php?id=BOE-A-2026-351"
                                                },
                                                {
                                                    "identificador": "BOE-A-2026-352",
                                                    "control": "2026\/100022",
                                                    "titulo": "Resoluci\u00f3n de 30 de diciembre de 2025, del Ayuntamiento de Ondarroa (Bizkaia), referente a la convocatoria para proveer varias plazas.",
                                                    "url_pdf": {
                                                        "szBytes": "190116",
                                                        "szKBytes": "186",
                                                        "pagina_inicial": "1823",
                                                        "pagina_final": "1823",
                                                        "texto": "https:\/\/www.boe.es\/boe\/dias\/2026\/01\/06\/pdfs\/BOE-A-2026-352.pdf"
                                                    },
                                                    "url_html": "https:\/\/www.boe.es\/diario_boe\/txt.php?id=BOE-A-2026-352",
                                                    "url_xml": "https:\/\/www.boe.es\/diario_boe\/xml.php?id=BOE-A-2026-352"
                                                },
                                                {
                                                    "identificador": "BOE-A-2026-353",
                                                    "control": "2026\/100023",
                                                    "titulo": "Resoluci\u00f3n de 30 de diciembre de 2025, del Ayuntamiento de Cazorla (Ja\u00e9n), referente a la convocatoria para proveer una plaza.",
                                                    "url_pdf": {
                                                        "szBytes": "191086",
                                                        "szKBytes": "187",
                                                        "pagina_inicial": "1824",
                                                        "pagina_final": "1824",
                                                        "texto": "https:\/\/www.boe.es\/boe\/dias\/2026\/01\/06\/pdfs\/BOE-A-2026-353.pdf"
                                                    },
                                                    "url_html": "https:\/\/www.boe.es\/diario_boe\/txt.php?id=BOE-A-2026-353",
                                                    "url_xml": "https:\/\/www.boe.es\/diario_boe\/xml.php?id=BOE-A-2026-353"
                                                }
                                            ]
                                        }
                                    ]
                                }
                            ]
                        },
                        {
                            "codigo": "3",
                            "nombre": "III. Otras disposiciones",
                            "departamento": [
                                {
                                    "codigo": "9585",
                                    "nombre": "MINISTERIO DE LA PRESIDENCIA, JUSTICIA Y RELACIONES CON LAS CORTES",
                                    "epigrafe": [
                                        {
                                            "nombre": "Convenios",
                                            "item": {
                                                "identificador": "BOE-A-2026-354",
                                                "control": "2025\/21001",
                                                "titulo": "Resoluci\u00f3n de 26 de diciembre de 2025, de la Subsecretar\u00eda, por la que se publica el Convenio entre el Centro de Investigaciones Energ\u00e9ticas, Medioambientales y Tecnol\u00f3gicas, O.A., M.P., y la Intervenci\u00f3n General de la Administraci\u00f3n del Estado, para la adhesi\u00f3n a los sistemas departamentales de la Intervenci\u00f3n General de la Administraci\u00f3n del Estado.",
                                                "url_pdf": {
                                                    "szBytes": "296094",
                                                    "szKBytes": "289",
                                                    "pagina_inicial": "1825",
                                                    "pagina_final": "1836",
                                                    "texto": "https:\/\/www.boe.es\/boe\/dias\/2026\/01\/06\/pdfs\/BOE-A-2026-354.pdf"
                                                },
                                                "url_html": "https:\/\/www.boe.es\/diario_boe\/txt.php?id=BOE-A-2026-354",
                                                "url_xml": "https:\/\/www.boe.es\/diario_boe\/xml.php?id=BOE-A-2026-354"
                                            }
                                        }
                                    ]
                                },
                                {
                                    "codigo": "6110",
                                    "nombre": "MINISTERIO DE DEFENSA",
                                    "epigrafe": [
                                        {
                                            "nombre": "Convenios",
                                            "item": {
                                                "identificador": "BOE-A-2026-355",
                                                "control": "2025\/20413",
                                                "titulo": "Resoluci\u00f3n 420\/38544\/2025, de 17 de diciembre, de la Secretar\u00eda General T\u00e9cnica, por la que se publica el Convenio con la Fundaci\u00f3n Laboral de la Construcci\u00f3n de Las Palmas, para la mejora de la cualificaci\u00f3n profesional de los trabajadores desempleados del sector de la construcci\u00f3n, mediante diferentes actuaciones en instalaciones de la Armada en Gran Canaria.",
                                                "url_pdf": {
                                                    "szBytes": "244455",
                                                    "szKBytes": "239",
                                                    "pagina_inicial": "1837",
                                                    "pagina_final": "1844",
                                                    "texto": "https:\/\/www.boe.es\/boe\/dias\/2026\/01\/06\/pdfs\/BOE-A-2026-355.pdf"
                                                },
                                                "url_html": "https:\/\/www.boe.es\/diario_boe\/txt.php?id=BOE-A-2026-355",
                                                "url_xml": "https:\/\/www.boe.es\/diario_boe\/xml.php?id=BOE-A-2026-355"
                                            }
                                        },
                                        {
                                            "nombre": "Fuerzas Armadas",
                                            "item": {
                                                "identificador": "BOE-A-2026-356",
                                                "control": "2026\/195",
                                                "titulo": "Resoluci\u00f3n 430\/38000\/2026, de 2 de enero, de la Direcci\u00f3n General de Personal, para la aplicaci\u00f3n de lo previsto en el art\u00edculo 48.2 de la Ley Org\u00e1nica 9\/2011, de 27 de julio, de derechos y deberes de los miembros de las Fuerzas Armadas.",
                                                "url_pdf": {
                                                    "szBytes": "197067",
                                                    "szKBytes": "192",
                                                    "pagina_inicial": "1845",
                                                    "pagina_final": "1845",
                                                    "texto": "https:\/\/www.boe.es\/boe\/dias\/2026\/01\/06\/pdfs\/BOE-A-2026-356.pdf"
                                                },
                                                "url_html": "https:\/\/www.boe.es\/diario_boe\/txt.php?id=BOE-A-2026-356",
                                                "url_xml": "https:\/\/www.boe.es\/diario_boe\/xml.php?id=BOE-A-2026-356"
                                            }
                                        }
                                    ]
                                },
                                {
                                    "codigo": "9590",
                                    "nombre": "MINISTERIO DE EDUCACI\u00d3N, FORMACI\u00d3N PROFESIONAL Y DEPORTES",
                                    "epigrafe": [
                                        {
                                            "nombre": "Convenios",
                                            "item": [
                                                {
                                                    "identificador": "BOE-A-2026-357",
                                                    "control": "2025\/21034",
                                                    "titulo": "Resoluci\u00f3n de 23 de diciembre de 2025, de la Secretar\u00eda General T\u00e9cnica, por la que se publica el Convenio con Ceut\u00ed de Mantenimiento, SL, para el desarrollo de estancias formativas del Instituto de Educaci\u00f3n Secundaria Siete Colinas de Ceuta.",
                                                    "url_pdf": {
                                                        "szBytes": "247884",
                                                        "szKBytes": "242",
                                                        "pagina_inicial": "1846",
                                                        "pagina_final": "1854",
                                                        "texto": "https:\/\/www.boe.es\/boe\/dias\/2026\/01\/06\/pdfs\/BOE-A-2026-357.pdf"
                                                    },
                                                    "url_html": "https:\/\/www.boe.es\/diario_boe\/txt.php?id=BOE-A-2026-357",
                                                    "url_xml": "https:\/\/www.boe.es\/diario_boe\/xml.php?id=BOE-A-2026-357"
                                                },
                                                {
                                                    "identificador": "BOE-A-2026-358",
                                                    "control": "2025\/21035",
                                                    "titulo": "Resoluci\u00f3n de 23 de diciembre de 2025, de la Secretar\u00eda General T\u00e9cnica, por la que se publica el Convenio con Servinel, SA, para el desarrollo de estancias formativas del Instituto de Educaci\u00f3n Secundaria Leopoldo Queipo de Melilla.",
                                                    "url_pdf": {
                                                        "szBytes": "249916",
                                                        "szKBytes": "244",
                                                        "pagina_inicial": "1855",
                                                        "pagina_final": "1863",
                                                        "texto": "https:\/\/www.boe.es\/boe\/dias\/2026\/01\/06\/pdfs\/BOE-A-2026-358.pdf"
                                                    },
                                                    "url_html": "https:\/\/www.boe.es\/diario_boe\/txt.php?id=BOE-A-2026-358",
                                                    "url_xml": "https:\/\/www.boe.es\/diario_boe\/xml.php?id=BOE-A-2026-358"
                                                },
                                                {
                                                    "identificador": "BOE-A-2026-359",
                                                    "control": "2025\/21036",
                                                    "titulo": "Resoluci\u00f3n de 23 de diciembre de 2025, de la Secretar\u00eda General T\u00e9cnica, por la que se publica el Convenio con Talher, SA, para el desarrollo de estancias formativas del Instituto de Educaci\u00f3n Secundaria Miguel Fern\u00e1ndez de Melilla.",
                                                    "url_pdf": {
                                                        "szBytes": "246599",
                                                        "szKBytes": "241",
                                                        "pagina_inicial": "1864",
                                                        "pagina_final": "1872",
                                                        "texto": "https:\/\/www.boe.es\/boe\/dias\/2026\/01\/06\/pdfs\/BOE-A-2026-359.pdf"
                                                    },
                                                    "url_html": "https:\/\/www.boe.es\/diario_boe\/txt.php?id=BOE-A-2026-359",
                                                    "url_xml": "https:\/\/www.boe.es\/diario_boe\/xml.php?id=BOE-A-2026-359"
                                                },
                                                {
                                                    "identificador": "BOE-A-2026-360",
                                                    "control": "2026\/34",
                                                    "titulo": "Resoluci\u00f3n de 29 de diciembre de 2025, de la Secretar\u00eda General T\u00e9cnica, por la que se publica el Convenio con Aidcor Melilla, para el desarrollo de estancias formativas del Centro Integrado de Formaci\u00f3n Profesional Reina Victoria Eugenia de Melilla.",
                                                    "url_pdf": {
                                                        "szBytes": "246367",
                                                        "szKBytes": "241",
                                                        "pagina_inicial": "1873",
                                                        "pagina_final": "1881",
                                                        "texto": "https:\/\/www.boe.es\/boe\/dias\/2026\/01\/06\/pdfs\/BOE-A-2026-360.pdf"
                                                    },
                                                    "url_html": "https:\/\/www.boe.es\/diario_boe\/txt.php?id=BOE-A-2026-360",
                                                    "url_xml": "https:\/\/www.boe.es\/diario_boe\/xml.php?id=BOE-A-2026-360"
                                                },
                                                {
                                                    "identificador": "BOE-A-2026-361",
                                                    "control": "2026\/35",
                                                    "titulo": "Resoluci\u00f3n de 29 de diciembre de 2025, de la Secretar\u00eda General T\u00e9cnica, por la que se publica el Convenio con Asesores Melilla, SL, para el desarrollo de estancias formativas del Instituto de Educaci\u00f3n Secundaria Leopoldo Queipo de Melilla.",
                                                    "url_pdf": {
                                                        "szBytes": "247964",
                                                        "szKBytes": "242",
                                                        "pagina_inicial": "1882",
                                                        "pagina_final": "1890",
                                                        "texto": "https:\/\/www.boe.es\/boe\/dias\/2026\/01\/06\/pdfs\/BOE-A-2026-361.pdf"
                                                    },
                                                    "url_html": "https:\/\/www.boe.es\/diario_boe\/txt.php?id=BOE-A-2026-361",
                                                    "url_xml": "https:\/\/www.boe.es\/diario_boe\/xml.php?id=BOE-A-2026-361"
                                                },
                                                {
                                                    "identificador": "BOE-A-2026-362",
                                                    "control": "2026\/36",
                                                    "titulo": "Resoluci\u00f3n de 29 de diciembre de 2025, de la Secretar\u00eda General T\u00e9cnica, por la que se publica el Convenio con Buyisol Wash, SL, para el desarrollo de estancias formativas del Instituto de Educaci\u00f3n Secundaria Virgen de la Victoria de Melilla.",
                                                    "url_pdf": {
                                                        "szBytes": "248968",
                                                        "szKBytes": "243",
                                                        "pagina_inicial": "1891",
                                                        "pagina_final": "1899",
                                                        "texto": "https:\/\/www.boe.es\/boe\/dias\/2026\/01\/06\/pdfs\/BOE-A-2026-362.pdf"
                                                    },
                                                    "url_html": "https:\/\/www.boe.es\/diario_boe\/txt.php?id=BOE-A-2026-362",
                                                    "url_xml": "https:\/\/www.boe.es\/diario_boe\/xml.php?id=BOE-A-2026-362"
                                                },
                                                {
                                                    "identificador": "BOE-A-2026-363",
                                                    "control": "2026\/37",
                                                    "titulo": "Resoluci\u00f3n de 29 de diciembre de 2025, de la Secretar\u00eda General T\u00e9cnica, por la que se publica el Convenio con Cooperativa Omnibus Autobuses de Melilla, para el desarrollo de estancias formativas del Centro Integrado de Formaci\u00f3n Profesional Reina Victoria Eugenia de Melilla.",
                                                    "url_pdf": {
                                                        "szBytes": "249792",
                                                        "szKBytes": "244",
                                                        "pagina_inicial": "1900",
                                                        "pagina_final": "1908",
                                                        "texto": "https:\/\/www.boe.es\/boe\/dias\/2026\/01\/06\/pdfs\/BOE-A-2026-363.pdf"
                                                    },
                                                    "url_html": "https:\/\/www.boe.es\/diario_boe\/txt.php?id=BOE-A-2026-363",
                                                    "url_xml": "https:\/\/www.boe.es\/diario_boe\/xml.php?id=BOE-A-2026-363"
                                                },
                                                {
                                                    "identificador": "BOE-A-2026-364",
                                                    "control": "2026\/39",
                                                    "titulo": "Resoluci\u00f3n de 29 de diciembre de 2025, de la Secretar\u00eda General T\u00e9cnica, por la que se publica el Convenio con CRD Inmogesti\u00f3n Melilla, SL, para el desarrollo de estancias formativas del Instituto de Educaci\u00f3n Secundaria Leopoldo Queipo de Melilla.",
                                                    "url_pdf": {
                                                        "szBytes": "246558",
                                                        "szKBytes": "241",
                                                        "pagina_inicial": "1909",
                                                        "pagina_final": "1917",
                                                        "texto": "https:\/\/www.boe.es\/boe\/dias\/2026\/01\/06\/pdfs\/BOE-A-2026-364.pdf"
                                                    },
                                                    "url_html": "https:\/\/www.boe.es\/diario_boe\/txt.php?id=BOE-A-2026-364",
                                                    "url_xml": "https:\/\/www.boe.es\/diario_boe\/xml.php?id=BOE-A-2026-364"
                                                },
                                                {
                                                    "identificador": "BOE-A-2026-365",
                                                    "control": "2026\/41",
                                                    "titulo": "Resoluci\u00f3n de 29 de diciembre de 2025, de la Secretar\u00eda General T\u00e9cnica, por la que se publica el Convenio con Equipos de Oficina de Melilla, SL, para el desarrollo de estancias formativas del Instituto de Educaci\u00f3n Secundaria Leopoldo Queipo de Melilla.",
                                                    "url_pdf": {
                                                        "szBytes": "246515",
                                                        "szKBytes": "241",
                                                        "pagina_inicial": "1918",
                                                        "pagina_final": "1926",
                                                        "texto": "https:\/\/www.boe.es\/boe\/dias\/2026\/01\/06\/pdfs\/BOE-A-2026-365.pdf"
                                                    },
                                                    "url_html": "https:\/\/www.boe.es\/diario_boe\/txt.php?id=BOE-A-2026-365",
                                                    "url_xml": "https:\/\/www.boe.es\/diario_boe\/xml.php?id=BOE-A-2026-365"
                                                },
                                                {
                                                    "identificador": "BOE-A-2026-366",
                                                    "control": "2026\/42",
                                                    "titulo": "Resoluci\u00f3n de 29 de diciembre de 2025, de la Secretar\u00eda General T\u00e9cnica, por la que se publica el Convenio con Esgaming, SA, para el desarrollo de estancias formativas del Centro Integrado de Formaci\u00f3n Profesional Reina Victoria Eugenia de Melilla.",
                                                    "url_pdf": {
                                                        "szBytes": "249196",
                                                        "szKBytes": "243",
                                                        "pagina_inicial": "1927",
                                                        "pagina_final": "1935",
                                                        "texto": "https:\/\/www.boe.es\/boe\/dias\/2026\/01\/06\/pdfs\/BOE-A-2026-366.pdf"
                                                    },
                                                    "url_html": "https:\/\/www.boe.es\/diario_boe\/txt.php?id=BOE-A-2026-366",
                                                    "url_xml": "https:\/\/www.boe.es\/diario_boe\/xml.php?id=BOE-A-2026-366"
                                                },
                                                {
                                                    "identificador": "BOE-A-2026-367",
                                                    "control": "2026\/43",
                                                    "titulo": "Resoluci\u00f3n de 29 de diciembre de 2025, de la Secretar\u00eda General T\u00e9cnica, por la que se publica el Convenio con Euromaster Garaje Esca\u00f1o, para el desarrollo de estancias formativas del Centro Integrado de Formaci\u00f3n Profesional Reina Victoria Eugenia de Melilla.",
                                                    "url_pdf": {
                                                        "szBytes": "246829",
                                                        "szKBytes": "241",
                                                        "pagina_inicial": "1936",
                                                        "pagina_final": "1944",
                                                        "texto": "https:\/\/www.boe.es\/boe\/dias\/2026\/01\/06\/pdfs\/BOE-A-2026-367.pdf"
                                                    },
                                                    "url_html": "https:\/\/www.boe.es\/diario_boe\/txt.php?id=BOE-A-2026-367",
                                                    "url_xml": "https:\/\/www.boe.es\/diario_boe\/xml.php?id=BOE-A-2026-367"
                                                }
                                            ]
                                        }
                                    ]
                                },
                                {
                                    "codigo": "9575",
                                    "nombre": "MINISTERIO PARA LA TRANSICI\u00d3N ECOL\u00d3GICA Y EL RETO DEMOGR\u00c1FICO",
                                    "epigrafe": [
                                        {
                                            "nombre": "Convenios",
                                            "item": [
                                                {
                                                    "identificador": "BOE-A-2026-368",
                                                    "control": "2026\/79",
                                                    "titulo": "Resoluci\u00f3n de 22 de diciembre de 2025, de la Confederaci\u00f3n Hidrogr\u00e1fica del Mi\u00f1o-Sil, O.A., por la que se publica la Adenda de modificaci\u00f3n y pr\u00f3rroga del Convenio con el Ayuntamiento de Chantada, sobre la financiaci\u00f3n, ejecuci\u00f3n y entrega de las actuaciones prioritarias en la mejora del saneamiento de Chantada (Lugo).",
                                                    "url_pdf": {
                                                        "szBytes": "265769",
                                                        "szKBytes": "260",
                                                        "pagina_inicial": "1945",
                                                        "pagina_final": "1955",
                                                        "texto": "https:\/\/www.boe.es\/boe\/dias\/2026\/01\/06\/pdfs\/BOE-A-2026-368.pdf"
                                                    },
                                                    "url_html": "https:\/\/www.boe.es\/diario_boe\/txt.php?id=BOE-A-2026-368",
                                                    "url_xml": "https:\/\/www.boe.es\/diario_boe\/xml.php?id=BOE-A-2026-368"
                                                },
                                                {
                                                    "identificador": "BOE-A-2026-369",
                                                    "control": "2026\/80",
                                                    "titulo": "Resoluci\u00f3n de 22 de diciembre de 2025, de la Presidencia de la Confederaci\u00f3n Hidrogr\u00e1fica del Mi\u00f1o-Sil, O.A., por la que se publica el Convenio con el Ayuntamiento de O Savi\u00f1ao, para la financiaci\u00f3n, ejecuci\u00f3n y entrega de las obras de mejora del saneamiento y depuraci\u00f3n en Fi\u00f3n, Marrube y Pesqueiras, T.M. de O Savi\u00f1ao.",
                                                    "url_pdf": {
                                                        "szBytes": "246699",
                                                        "szKBytes": "241",
                                                        "pagina_inicial": "1956",
                                                        "pagina_final": "1963",
                                                        "texto": "https:\/\/www.boe.es\/boe\/dias\/2026\/01\/06\/pdfs\/BOE-A-2026-369.pdf"
                                                    },
                                                    "url_html": "https:\/\/www.boe.es\/diario_boe\/txt.php?id=BOE-A-2026-369",
                                                    "url_xml": "https:\/\/www.boe.es\/diario_boe\/xml.php?id=BOE-A-2026-369"
                                                },
                                                {
                                                    "identificador": "BOE-A-2026-370",
                                                    "control": "2026\/81",
                                                    "titulo": "Resoluci\u00f3n de 29 de diciembre de 2025, de la Direcci\u00f3n General de Pol\u00edticas contra la Despoblaci\u00f3n, por la que se publica el Convenio con el Conselh Generau d'Aran, para el desarrollo del Centro de Innovaci\u00f3n Territorial.",
                                                    "url_pdf": {
                                                        "szBytes": "276322",
                                                        "szKBytes": "270",
                                                        "pagina_inicial": "1964",
                                                        "pagina_final": "1975",
                                                        "texto": "https:\/\/www.boe.es\/boe\/dias\/2026\/01\/06\/pdfs\/BOE-A-2026-370.pdf"
                                                    },
                                                    "url_html": "https:\/\/www.boe.es\/diario_boe\/txt.php?id=BOE-A-2026-370",
                                                    "url_xml": "https:\/\/www.boe.es\/diario_boe\/xml.php?id=BOE-A-2026-370"
                                                }
                                            ]
                                        }
                                    ]
                                },
                                {
                                    "codigo": "9589",
                                    "nombre": "MINISTERIO DE ECONOM\u00cdA, COMERCIO Y EMPRESA",
                                    "epigrafe": [
                                        {
                                            "nombre": "Convenios",
                                            "item": {
                                                "identificador": "BOE-A-2026-371",
                                                "control": "2025\/20941",
                                                "titulo": "Resoluci\u00f3n de 22 de diciembre de 2025, de ICEX Espa\u00f1a Exportaci\u00f3n e Inversiones, E.P.E., por la que se publica el Convenio con KPMG, SA, para la realizaci\u00f3n de la segunda edici\u00f3n de un estudio conjunto sobre la inversi\u00f3n china en Espa\u00f1a.",
                                                "url_pdf": {
                                                    "szBytes": "272034",
                                                    "szKBytes": "266",
                                                    "pagina_inicial": "1976",
                                                    "pagina_final": "1988",
                                                    "texto": "https:\/\/www.boe.es\/boe\/dias\/2026\/01\/06\/pdfs\/BOE-A-2026-371.pdf"
                                                },
                                                "url_html": "https:\/\/www.boe.es\/diario_boe\/txt.php?id=BOE-A-2026-371",
                                                "url_xml": "https:\/\/www.boe.es\/diario_boe\/xml.php?id=BOE-A-2026-371"
                                            }
                                        }
                                    ]
                                },
                                {
                                    "codigo": "4335",
                                    "nombre": "MINISTERIO DE SANIDAD",
                                    "epigrafe": [
                                        {
                                            "nombre": "Comunidad Foral de Navarra. Convenio",
                                            "item": {
                                                "identificador": "BOE-A-2026-372",
                                                "control": "2026\/87",
                                                "titulo": "Resoluci\u00f3n de 22 de diciembre de 2025, de la Secretar\u00eda General de Salud Digital, Informaci\u00f3n e Innovaci\u00f3n del Sistema Nacional de Salud, por la que se publica la Adenda de pr\u00f3rroga al Convenio con la Comunidad Aut\u00f3noma de Navarra, para establecer las bases de la provisi\u00f3n de los Servicios Transfronterizos de Informaci\u00f3n de Sanidad Electr\u00f3nica dentro de la eHealth Digital Service Infrastructure.",
                                                "url_pdf": {
                                                    "szBytes": "207295",
                                                    "szKBytes": "202",
                                                    "pagina_inicial": "1989",
                                                    "pagina_final": "1991",
                                                    "texto": "https:\/\/www.boe.es\/boe\/dias\/2026\/01\/06\/pdfs\/BOE-A-2026-372.pdf"
                                                },
                                                "url_html": "https:\/\/www.boe.es\/diario_boe\/txt.php?id=BOE-A-2026-372",
                                                "url_xml": "https:\/\/www.boe.es\/diario_boe\/xml.php?id=BOE-A-2026-372"
                                            }
                                        }
                                    ]
                                },
                                {
                                    "codigo": "9588",
                                    "nombre": "MINISTERIO DE DERECHOS SOCIALES, CONSUMO Y AGENDA 2030",
                                    "epigrafe": [
                                        {
                                            "nombre": "Comunidad de Madrid. Convenio",
                                            "item": {
                                                "identificador": "BOE-A-2026-373",
                                                "control": "2026\/88",
                                                "titulo": "Resoluci\u00f3n de 20 de diciembre de 2025, del Instituto de Mayores y Servicios Sociales, por la que se publica el Convenio entre el Centro de Recuperaci\u00f3n de Personas con Discapacidad F\u00edsica de Salamanca y la Universidad Rey Juan Carlos, para la realizaci\u00f3n de pr\u00e1cticas acad\u00e9micas en centros del Imserso.",
                                                "url_pdf": {
                                                    "szBytes": "278180",
                                                    "szKBytes": "272",
                                                    "pagina_inicial": "1992",
                                                    "pagina_final": "2000",
                                                    "texto": "https:\/\/www.boe.es\/boe\/dias\/2026\/01\/06\/pdfs\/BOE-A-2026-373.pdf"
                                                },
                                                "url_html": "https:\/\/www.boe.es\/diario_boe\/txt.php?id=BOE-A-2026-373",
                                                "url_xml": "https:\/\/www.boe.es\/diario_boe\/xml.php?id=BOE-A-2026-373"
                                            }
                                        },
                                        {
                                            "nombre": "Comunitat Valenciana. Convenio",
                                            "item": {
                                                "identificador": "BOE-A-2026-374",
                                                "control": "2026\/89",
                                                "titulo": "Resoluci\u00f3n de 20 de diciembre de 2025, del Instituto de Mayores y Servicios Sociales, por la que se publica el Convenio entre el Centro de Referencia Estatal de Atenci\u00f3n Psicosocial a Personas con Trastorno Mental Grave y la Universitat Jaume I, para la realizaci\u00f3n de pr\u00e1cticas acad\u00e9micas en centros del Imserso.",
                                                "url_pdf": {
                                                    "szBytes": "283492",
                                                    "szKBytes": "277",
                                                    "pagina_inicial": "2001",
                                                    "pagina_final": "2009",
                                                    "texto": "https:\/\/www.boe.es\/boe\/dias\/2026\/01\/06\/pdfs\/BOE-A-2026-374.pdf"
                                                },
                                                "url_html": "https:\/\/www.boe.es\/diario_boe\/txt.php?id=BOE-A-2026-374",
                                                "url_xml": "https:\/\/www.boe.es\/diario_boe\/xml.php?id=BOE-A-2026-374"
                                            }
                                        }
                                    ]
                                },
                                {
                                    "codigo": "9565",
                                    "nombre": "MINISTERIO DE CIENCIA, INNOVACI\u00d3N Y UNIVERSIDADES",
                                    "epigrafe": [
                                        {
                                            "nombre": "Comunidad Aut\u00f3noma de Arag\u00f3n. Convenio",
                                            "item": {
                                                "identificador": "BOE-A-2026-375",
                                                "control": "2026\/97",
                                                "titulo": "Resoluci\u00f3n de 19 de diciembre de 2025, de la Agencia Nacional de Evaluaci\u00f3n de la Calidad y Acreditaci\u00f3n, por la que se publica el Convenio con el Centro de Investigaci\u00f3n y Tecnolog\u00eda Agroalimentaria de Arag\u00f3n, para la evaluaci\u00f3n de la actividad investigadora del personal docente e investigador contratado.",
                                                "url_pdf": {
                                                    "szBytes": "236411",
                                                    "szKBytes": "231",
                                                    "pagina_inicial": "2010",
                                                    "pagina_final": "2017",
                                                    "texto": "https:\/\/www.boe.es\/boe\/dias\/2026\/01\/06\/pdfs\/BOE-A-2026-375.pdf"
                                                },
                                                "url_html": "https:\/\/www.boe.es\/diario_boe\/txt.php?id=BOE-A-2026-375",
                                                "url_xml": "https:\/\/www.boe.es\/diario_boe\/xml.php?id=BOE-A-2026-375"
                                            }
                                        },
                                        {
                                            "nombre": "Comunidad Aut\u00f3noma de Canarias. Convenio",
                                            "item": {
                                                "identificador": "BOE-A-2026-376",
                                                "control": "2025\/21043",
                                                "titulo": "Resoluci\u00f3n de 12 de diciembre de 2025, de la Secretar\u00eda de Estado de Ciencia, Innovaci\u00f3n y Universidades, por la que se publica la Adenda al Convenio con el Gobierno de Canarias, la Universidad de La Laguna y la Universidad de Las Palmas de Gran Canaria, para la implementaci\u00f3n del Programa de Incorporaci\u00f3n de Talento Docente e Investigador a las Universidades P\u00fablicas Espa\u00f1olas.",
                                                "url_pdf": {
                                                    "szBytes": "221922",
                                                    "szKBytes": "217",
                                                    "pagina_inicial": "2018",
                                                    "pagina_final": "2021",
                                                    "texto": "https:\/\/www.boe.es\/boe\/dias\/2026\/01\/06\/pdfs\/BOE-A-2026-376.pdf"
                                                },
                                                "url_html": "https:\/\/www.boe.es\/diario_boe\/txt.php?id=BOE-A-2026-376",
                                                "url_xml": "https:\/\/www.boe.es\/diario_boe\/xml.php?id=BOE-A-2026-376"
                                            }
                                        },
                                        {
                                            "nombre": "Comunidades aut\u00f3nomas. Convenio",
                                            "item": {
                                                "identificador": "BOE-A-2026-377",
                                                "control": "2026\/170",
                                                "titulo": "Resoluci\u00f3n de 24 de diciembre de 2025, del Consorcio Barcelona Supercomputing Center-Centro Nacional de Supercomputaci\u00f3n, por la que se publica la Adenda del Convenio entre el Institut d'Investigacions Biom\u00e8diques August Pi i Sunyer, la Fundaci\u00f3n Instituto de Estudios de Ciencias de la Salud de Castilla y Le\u00f3n, la Universidad de Navarra, la Universidad de Castilla-La Mancha, la Universidad del Pa\u00eds Vasco\/Euskal Herriko Unibertsitatea, la Universidad de Oviedo, la Fundaci\u00f3n para la Investigaci\u00f3n del Hospital Cl\u00ednico de la Comunidad Valenciana y la Fundaci\u00f3n Instituto de Investigaci\u00f3n Sanitaria Fundaci\u00f3n Jim\u00e9nez D\u00edaz, para la realizaci\u00f3n del proyecto \u00abMedicina de PREcisi\u00f3n GEN\u00f3mica en neoplasias LInFoides (Pregenlif)\u00bb.",
                                                "url_pdf": {
                                                    "szBytes": "210044",
                                                    "szKBytes": "205",
                                                    "pagina_inicial": "2022",
                                                    "pagina_final": "2024",
                                                    "texto": "https:\/\/www.boe.es\/boe\/dias\/2026\/01\/06\/pdfs\/BOE-A-2026-377.pdf"
                                                },
                                                "url_html": "https:\/\/www.boe.es\/diario_boe\/txt.php?id=BOE-A-2026-377",
                                                "url_xml": "https:\/\/www.boe.es\/diario_boe\/xml.php?id=BOE-A-2026-377"
                                            }
                                        },
                                        {
                                            "nombre": "Convenios",
                                            "item": [
                                                {
                                                    "identificador": "BOE-A-2026-378",
                                                    "control": "2026\/91",
                                                    "titulo": "Resoluci\u00f3n de 18 de diciembre de 2025, de la Agencia Nacional de Evaluaci\u00f3n de la Calidad y Acreditaci\u00f3n, por la que se publica el Convenio con la Escuela Universitaria de Magisterio \u00abMar\u00eda Sedes Sapientae\u00bb, para la evaluaci\u00f3n de la actividad investigadora del personal docente e investigador contratado.",
                                                    "url_pdf": {
                                                        "szBytes": "240774",
                                                        "szKBytes": "235",
                                                        "pagina_inicial": "2025",
                                                        "pagina_final": "2032",
                                                        "texto": "https:\/\/www.boe.es\/boe\/dias\/2026\/01\/06\/pdfs\/BOE-A-2026-378.pdf"
                                                    },
                                                    "url_html": "https:\/\/www.boe.es\/diario_boe\/txt.php?id=BOE-A-2026-378",
                                                    "url_xml": "https:\/\/www.boe.es\/diario_boe\/xml.php?id=BOE-A-2026-378"
                                                },
                                                {
                                                    "identificador": "BOE-A-2026-379",
                                                    "control": "2026\/93",
                                                    "titulo": "Resoluci\u00f3n de 18 de diciembre de 2025, de la Agencia Nacional de Evaluaci\u00f3n de la Calidad y Acreditaci\u00f3n, por la que se publica el Convenio con la Fundaci\u00f3n San Juan de Dios, para la evaluaci\u00f3n de la actividad investigadora del personal docente e investigador contratado.",
                                                    "url_pdf": {
                                                        "szBytes": "234706",
                                                        "szKBytes": "229",
                                                        "pagina_inicial": "2033",
                                                        "pagina_final": "2040",
                                                        "texto": "https:\/\/www.boe.es\/boe\/dias\/2026\/01\/06\/pdfs\/BOE-A-2026-379.pdf"
                                                    },
                                                    "url_html": "https:\/\/www.boe.es\/diario_boe\/txt.php?id=BOE-A-2026-379",
                                                    "url_xml": "https:\/\/www.boe.es\/diario_boe\/xml.php?id=BOE-A-2026-379"
                                                },
                                                {
                                                    "identificador": "BOE-A-2026-380",
                                                    "control": "2026\/101",
                                                    "titulo": "Resoluci\u00f3n de 19 de diciembre de 2025, de la Agencia Nacional de Evaluaci\u00f3n de la Calidad y Acreditaci\u00f3n, por la que se publica el Convenio con la Universidad Camilo Jos\u00e9 Cela, para la evaluaci\u00f3n de la actividad investigadora del personal docente e investigador contratado.",
                                                    "url_pdf": {
                                                        "szBytes": "237667",
                                                        "szKBytes": "232",
                                                        "pagina_inicial": "2041",
                                                        "pagina_final": "2048",
                                                        "texto": "https:\/\/www.boe.es\/boe\/dias\/2026\/01\/06\/pdfs\/BOE-A-2026-380.pdf"
                                                    },
                                                    "url_html": "https:\/\/www.boe.es\/diario_boe\/txt.php?id=BOE-A-2026-380",
                                                    "url_xml": "https:\/\/www.boe.es\/diario_boe\/xml.php?id=BOE-A-2026-380"
                                                },
                                                {
                                                    "identificador": "BOE-A-2026-381",
                                                    "control": "2026\/102",
                                                    "titulo": "Resoluci\u00f3n de 19 de diciembre de 2025, de la Agencia Nacional de Evaluaci\u00f3n de la Calidad y Acreditaci\u00f3n, por la que se publica el Convenio con la Universidad Cat\u00f3lica de Valencia San Vicente M\u00e1rtir, para la evaluaci\u00f3n de la actividad investigadora del personal docente e investigador contratado.",
                                                    "url_pdf": {
                                                        "szBytes": "236198",
                                                        "szKBytes": "231",
                                                        "pagina_inicial": "2049",
                                                        "pagina_final": "2056",
                                                        "texto": "https:\/\/www.boe.es\/boe\/dias\/2026\/01\/06\/pdfs\/BOE-A-2026-381.pdf"
                                                    },
                                                    "url_html": "https:\/\/www.boe.es\/diario_boe\/txt.php?id=BOE-A-2026-381",
                                                    "url_xml": "https:\/\/www.boe.es\/diario_boe\/xml.php?id=BOE-A-2026-381"
                                                }
                                            ]
                                        }
                                    ]
                                },
                                {
                                    "codigo": "1020",
                                    "nombre": "BANCO DE ESPA\u00d1A",
                                    "epigrafe": [
                                        {
                                            "nombre": "Mercado de divisas",
                                            "item": {
                                                "identificador": "BOE-A-2026-382",
                                                "control": "2026\/172",
                                                "titulo": "Resoluci\u00f3n de 5 de enero de 2026, del Banco de Espa\u00f1a, por la que se publican los cambios del euro correspondientes al d\u00eda 5 de enero de 2026, publicados por el Banco Central Europeo, que tendr\u00e1n la consideraci\u00f3n de cambios oficiales, de acuerdo con lo dispuesto en el art\u00edculo 36 de la Ley 46\/1998, de 17 de diciembre, sobre la Introducci\u00f3n del Euro.",
                                                "url_pdf": {
                                                    "szBytes": "216161",
                                                    "szKBytes": "211",
                                                    "pagina_inicial": "2057",
                                                    "pagina_final": "2058",
                                                    "texto": "https:\/\/www.boe.es\/boe\/dias\/2026\/01\/06\/pdfs\/BOE-A-2026-382.pdf"
                                                },
                                                "url_html": "https:\/\/www.boe.es\/diario_boe\/txt.php?id=BOE-A-2026-382",
                                                "url_xml": "https:\/\/www.boe.es\/diario_boe\/xml.php?id=BOE-A-2026-382"
                                            }
                                        },
                                        {
                                            "nombre": "Pr\u00e9stamos hipotecarios. \u00cdndices",
                                            "item": {
                                                "identificador": "BOE-A-2026-383",
                                                "control": "2026\/223",
                                                "titulo": "Resoluci\u00f3n de 5 de enero de 2026, del Banco de Espa\u00f1a, por la que se publica el tipo de rendimiento interno en el mercado secundario de la deuda p\u00fablica de plazo entre dos y seis a\u00f1os por su consideraci\u00f3n como uno de los tipos de inter\u00e9s oficiales de acuerdo con la Orden EHA\/2899\/2011, de 28 de octubre, de transparencia y protecci\u00f3n del cliente de servicios bancarios.",
                                                "url_pdf": {
                                                    "szBytes": "194555",
                                                    "szKBytes": "190",
                                                    "pagina_inicial": "2059",
                                                    "pagina_final": "2059",
                                                    "texto": "https:\/\/www.boe.es\/boe\/dias\/2026\/01\/06\/pdfs\/BOE-A-2026-383.pdf"
                                                },
                                                "url_html": "https:\/\/www.boe.es\/diario_boe\/txt.php?id=BOE-A-2026-383",
                                                "url_xml": "https:\/\/www.boe.es\/diario_boe\/xml.php?id=BOE-A-2026-383"
                                            }
                                        }
                                    ]
                                }
                            ]
                        },
                        {
                            "codigo": "5B",
                            "nombre": "V. Anuncios. - B. Otros anuncios oficiales",
                            "departamento": {
                                "codigo": "9575",
                                "nombre": "MINISTERIO PARA LA TRANSICI\u00d3N ECOL\u00d3GICA Y EL RETO DEMOGR\u00c1FICO",
                                "texto": {
                                    "item": [
                                        {
                                            "identificador": "BOE-B-2026-258",
                                            "titulo": "Extracto de la Resoluci\u00f3n de 18 de diciembre de 2025 del Consejo de Administraci\u00f3n de E.P.E. Instituto para la Diversificaci\u00f3n y Ahorro de la Energ\u00eda (IDAE), M.P., por la que se formaliza la Segunda Convocatoria del Programa de Incentivos para proyectos de producci\u00f3n de electricidad y calor a partir de energ\u00edas renovables en sustituci\u00f3n de producci\u00f3n a partir de combustibles f\u00f3siles, en el marco del Plan de Recuperaci\u00f3n, Transformaci\u00f3n y Resiliencia. Financiado por la Uni\u00f3n Europea.",
                                            "url_pdf": {
                                                "szBytes": "214960",
                                                "szKBytes": "210",
                                                "pagina_inicial": "482",
                                                "pagina_final": "484",
                                                "texto": "https:\/\/www.boe.es\/boe\/dias\/2026\/01\/06\/pdfs\/BOE-B-2026-258.pdf"
                                            },
                                            "url_html": "https:\/\/www.boe.es\/diario_boe\/txt.php?id=BOE-B-2026-258",
                                            "url_xml": "https:\/\/www.boe.es\/diario_boe\/xml.php?id=BOE-B-2026-258"
                                        },
                                        {
                                            "identificador": "BOE-B-2026-259",
                                            "titulo": "Extracto de la Resoluci\u00f3n de 18 de diciembre de 2025 del Consejo de Administraci\u00f3n de E.P.E. Instituto para la Diversificaci\u00f3n y Ahorro de la Energ\u00eda (IDAE), M.P. por la que se formaliza la segunda convocatoria de Programas de Incentivos a proyectos de redes de calor y fr\u00edo que utilicen fuentes de energ\u00eda renovable (programa RENORED), en el marco del Plan de Recuperaci\u00f3n, Transformaci\u00f3n y Resiliencia, financiado por la Uni\u00f3n Europea - NextGenerationEU- (Programa de incentivos 1)",
                                            "url_pdf": {
                                                "szBytes": "215032",
                                                "szKBytes": "210",
                                                "pagina_inicial": "485",
                                                "pagina_final": "487",
                                                "texto": "https:\/\/www.boe.es\/boe\/dias\/2026\/01\/06\/pdfs\/BOE-B-2026-259.pdf"
                                            },
                                            "url_html": "https:\/\/www.boe.es\/diario_boe\/txt.php?id=BOE-B-2026-259",
                                            "url_xml": "https:\/\/www.boe.es\/diario_boe\/xml.php?id=BOE-B-2026-259"
                                        },
                                        {
                                            "identificador": "BOE-B-2026-260",
                                            "titulo": "Extracto de la Resoluci\u00f3n de 18 de diciembre de 2025 del Consejo de Administraci\u00f3n de E.P.E. Instituto para la Diversificaci\u00f3n y Ahorro de la Energ\u00eda (IDAE), M.P. por la que se formaliza la segunda convocatoria de Programas de Incentivos a proyectos de redes de calor y fr\u00edo que utilicen fuentes de energ\u00eda renovable (programa RENORED), en el marco del Plan de Recuperaci\u00f3n, Transformaci\u00f3n y Resiliencia, financiado por la Uni\u00f3n Europea - NextGenerationEU-. (Programa de incentivos 2).",
                                            "url_pdf": {
                                                "szBytes": "214957",
                                                "szKBytes": "210",
                                                "pagina_inicial": "488",
                                                "pagina_final": "490",
                                                "texto": "https:\/\/www.boe.es\/boe\/dias\/2026\/01\/06\/pdfs\/BOE-B-2026-260.pdf"
                                            },
                                            "url_html": "https:\/\/www.boe.es\/diario_boe\/txt.php?id=BOE-B-2026-260",
                                            "url_xml": "https:\/\/www.boe.es\/diario_boe\/xml.php?id=BOE-B-2026-260"
                                        }
                                    ]
                                }
                            }
                        }
                    ]
                }
            ]
        }
    }
}